Rk,Name,Age,Yrs,W,L,W-L%,ERA,G,GS,GF,CG,SHO,SV,IP,H,R,ER,HR,BB,IBB,SO,HBP,BK,WP,BF,ERA+,WHIP,H9,HR9,BB9,SO9,SO/W,ERA+,Name-additional
1,Paul Abbott,34,9,39,24,0.619,4.63,132,85,17,1,0,0,577,529,316,297,71,309,14,418,15,0,29,2522,96,1.452,8.3,1.1,4.8,6.5,1.35,96,abbotpa01
2,Jose Acevedo,24,2,9,9,0.5,5.79,24,23,0,0,0,0,119.2,129,82,77,25,46,2,82,5,0,5,529,79,1.462,9.7,1.9,3.5,6.2,1.78,79,acevejo01
3,Juan Acevedo,32,7,27,35,0.435,4.16,328,34,140,0,0,47,531.2,545,284,246,66,208,30,322,26,4,16,2300,110,1.416,9.2,1.1,3.5,5.5,1.55,110,aceveju01
4,Terry Adams,29,8,44,52,0.458,4.1,431,41,159,0,0,39,718,713,368,327,49,319,24,580,9,6,42,3124,102,1.437,8.9,0.6,4,7.3,1.82,102,adamste01
5,Jeremy Affeldt*,23,1,3,4,0.429,4.64,34,7,4,0,0,0,77.2,85,41,40,8,37,4,67,3,2,5,353,107,1.571,9.8,0.9,4.3,7.8,1.81,107,affelje01
6,Kurt Ainsworth,23,2,1,2,0.333,2.93,8,4,2,0,0,0,27.2,25,10,9,2,14,0,18,2,0,1,120,136,1.41,8.1,0.7,4.6,5.9,1.29,136,ainswku01
7,Antonio Alfonseca,30,6,20,29,0.408,3.81,340,0,247,0,0,121,380,413,173,161,35,147,27,259,17,2,6,1673,110,1.474,9.8,0.8,3.5,6.1,1.76,110,alfonan01
8,Armando Almanza*,29,4,9,7,0.563,4.36,184,0,28,0,0,2,148.2,116,77,72,20,101,9,168,3,2,5,648,98,1.46,7,1.2,6.1,10.2,1.66,98,almanar01
9,Carlos Almanzar,28,6,6,10,0.375,5.02,137,1,43,0,0,0,161.1,176,94,90,25,56,8,123,8,0,5,713,87,1.438,9.8,1.4,3.1,6.9,2.2,87,almanca01
10,Hector Almonte,26,1,0,2,0,4.2,15,0,6,0,0,0,15,20,7,7,1,6,2,8,0,0,2,67,105,1.733,12,0.6,3.6,4.8,1.33,105,almonhe01
11,Juan Alvarez*,28,3,0,5,0,5.73,71,0,16,0,0,0,48.2,50,32,31,10,32,1,36,3,1,2,225,85,1.685,9.2,1.8,5.9,6.7,1.13,85,alvarju01
12,Victor Alvarez*,25,1,0,1,0,4.35,4,1,1,0,0,0,10.1,9,5,5,1,2,0,7,0,0,0,40,90,1.065,7.8,0.9,1.7,6.1,3.5,90,alvarvi01
13,Wilson Alvarez*,32,11,88,80,0.524,4.03,273,234,7,11,4,2,1508,1404,759,675,166,744,26,1130,40,4,26,6533,112,1.424,8.4,1,4.4,6.7,1.52,112,alvarwi01
14,Brian Anderson*,30,10,61,58,0.513,4.72,218,182,9,8,2,1,1152.2,1275,649,604,197,237,20,549,18,26,17,4833,98,1.312,10,1.5,1.9,4.3,2.32,98,anderbr02
15,Jimmy Anderson*,26,4,24,42,0.364,5.17,102,89,3,3,0,0,520.1,593,323,299,50,220,23,222,24,1,20,2333,87,1.562,10.3,0.9,3.8,3.8,1.01,87,anderji02
16,Matt Anderson,25,5,15,6,0.714,4.84,222,0,95,0,0,23,223.1,205,133,120,22,137,14,207,8,1,19,995,96,1.531,8.3,0.9,5.5,8.3,1.51,96,anderma01
17,Rick Ankiel*,22,3,12,10,0.545,3.84,46,41,1,0,0,1,232,188,113,99,30,129,2,260,10,2,19,996,121,1.366,7.3,1.2,5,10.1,2.02,121,ankieri01
18,Kevin Appier,34,14,161,127,0.559,3.65,389,377,2,34,12,0,2479.2,2298,1091,1005,211,887,47,1937,71,6,98,10437,124,1.284,8.3,0.8,3.2,7,2.18,124,appieke01
19,Tony Armas,24,4,28,36,0.438,4.21,81,81,0,0,0,0,462,411,241,216,50,221,21,368,20,3,28,1987,106,1.368,8,1,4.3,7.2,1.67,106,armasto02
20,Rolando Arrojo,36,5,40,42,0.488,4.55,158,105,15,4,2,6,700,715,377,354,83,255,15,512,67,3,13,3040,108,1.386,9.2,1.1,3.3,6.6,2.01,108,arrojro01
21,Bronson Arroyo,25,3,9,14,0.391,5.44,53,29,3,1,0,0,187,217,129,113,23,85,15,111,8,2,7,851,84,1.615,10.4,1.1,4.1,5.3,1.31,84,arroybr01
22,Miguel Asencio,21,1,4,7,0.364,5.11,31,21,7,0,0,0,123.1,136,73,70,17,64,2,58,3,0,7,557,97,1.622,9.9,1.2,4.7,4.2,0.91,97,asencmi01
23,Andy Ashby,34,12,95,100,0.487,4.08,286,273,3,21,7,1,1735.2,1766,880,787,197,523,47,1130,58,4,53,7367,100,1.319,9.2,1,2.7,5.9,2.16,100,ashbyan01
24,Pedro Astacio,33,11,115,107,0.518,4.53,339,296,9,30,11,0,1934.1,1990,1043,974,250,635,46,1518,105,16,48,8308,101,1.357,9.3,1.2,3,7.1,2.39,101,astacpe01
25,Jeff Austin,25,2,0,0,,5.35,31,0,15,0,0,0,37,41,23,22,4,20,3,33,1,0,4,169,92,1.649,10,1,4.9,8,1.65,92,austije01
26,Steve Avery*,32,10,94,83,0.531,4.17,278,261,6,14,6,0,1538.2,1510,789,713,143,562,26,974,26,9,47,6538,100,1.347,8.8,0.8,3.3,5.7,1.73,100,averyst01
27,Manny Aybar,30,6,17,18,0.486,5.04,183,28,48,0,0,3,362.2,378,225,203,44,162,9,244,15,5,13,1619,88,1.489,9.4,1.1,4,6.1,1.51,88,aybarma01
28,Brandon Backe,24,1,0,0,,6.92,9,0,4,0,0,0,13,15,10,10,3,7,0,6,2,0,0,61,66,1.692,10.4,2.1,4.8,4.2,0.86,66,backebr01
29,Mike Bacsik*,24,2,3,2,0.6,5.01,14,9,1,1,0,0,64.2,76,39,36,8,22,4,34,5,0,0,292,82,1.515,10.6,1.1,3.1,4.7,1.55,82,bacsimi02
30,Danys Báez,24,2,15,14,0.517,3.96,82,26,17,1,0,6,215.2,194,106,95,19,102,9,182,12,1,9,928,111,1.372,8.1,0.8,4.3,7.6,1.78,111,baezda01
31,Cory Bailey,31,8,9,10,0.474,3.96,172,0,51,0,0,1,207,208,99,91,13,116,17,150,3,2,11,908,118,1.565,9,0.6,5,6.5,1.29,118,baileco01
32,James Baldwin,30,8,79,69,0.534,5.02,226,200,8,7,2,0,1245,1355,746,694,186,461,16,807,48,7,55,5461,92,1.459,9.8,1.3,3.3,5.8,1.75,92,baldwja01
33,John Bale*,28,3,1,0,1,5.01,17,0,3,0,0,0,32.1,25,24,18,4,22,0,31,3,0,1,145,91,1.454,7,1.1,6.1,8.6,1.41,91,balejo01
34,Grant Balfour,24,1,0,0,,13.5,2,0,1,0,0,0,2.2,3,4,4,2,3,0,2,0,0,0,14,38,2.25,10.1,6.8,10.1,6.8,0.67,38,balfogr01
35,Willie Banks,33,9,33,39,0.458,4.75,181,84,40,1,1,2,610.1,632,370,322,65,302,16,428,15,10,41,2717,90,1.53,9.3,1,4.5,6.3,1.42,90,bankswi01
36,Lorenzo Barcelo,24,3,5,3,0.625,4.5,43,1,8,0,0,0,66,67,36,33,7,18,3,42,1,0,2,281,109,1.288,9.1,1,2.5,5.7,2.33,109,barcelo01
37,Miguel Batista,31,8,32,41,0.438,4.62,218,92,32,3,1,1,708.2,706,412,364,71,324,20,460,32,3,34,3115,98,1.453,9,0.9,4.1,5.8,1.42,98,batismi01
38,Rick Bauer,25,2,6,12,0.333,4.17,62,7,15,0,0,1,116.2,119,63,54,19,45,4,61,5,0,4,501,104,1.406,9.2,1.5,3.5,4.7,1.36,104,bauerri01
39,Steve Bechler,22,1,0,0,,13.5,3,0,0,0,0,0,4.2,6,7,7,3,4,0,3,1,0,0,25,34,2.143,11.6,5.8,7.7,5.8,0.75,34,bechlst01
40,Rod Beck,33,11,35,41,0.461,3.28,642,0,479,0,0,266,708.2,651,283,258,85,171,31,597,19,3,22,2922,125,1.16,8.3,1.1,2.2,7.6,3.49,125,beckro01
41,Josh Beckett,22,2,8,9,0.471,3.62,27,25,0,0,0,0,131.2,107,65,53,16,55,2,137,2,0,6,553,112,1.23,7.3,1.1,3.8,9.4,2.49,112,beckejo02
42,Erik Bedard*,23,1,0,0,,13.5,2,0,0,0,0,0,0.2,2,1,1,0,0,0,1,0,0,0,4,49,3,27,0,0,13.5,,49,bedarer01
43,Joe Beimel*,25,2,9,16,0.36,4.98,95,23,17,0,0,0,200.2,219,121,111,21,94,16,111,10,0,5,900,89,1.56,9.8,0.9,4.2,5,1.18,89,beimejo01
44,Kevin Beirne,28,3,3,3,0.5,6.09,46,4,15,0,0,0,85.2,89,62,58,14,43,4,63,6,0,5,387,76,1.541,9.4,1.5,4.5,6.6,1.47,76,beirnke01
45,Rob Bell,25,3,16,21,0.432,5.95,70,68,0,1,0,0,384,419,268,254,80,172,7,279,9,0,27,1713,79,1.539,9.8,1.9,4,6.5,1.62,79,bellro01
46,Francis Beltran,22,1,0,0,,7.5,11,0,4,0,0,0,12,14,11,10,2,16,1,11,0,0,2,65,55,2.5,10.5,1.5,12,8.3,0.69,55,beltrfr01
47,Rigo Beltran*,32,4,2,3,0.4,4.34,76,5,28,0,0,1,105.2,109,58,51,13,43,3,106,1,0,8,465,104,1.438,9.3,1.1,3.7,9,2.47,104,beltrri01
48,Alan Benes,30,7,29,25,0.537,4.42,108,66,23,5,1,0,470.2,456,262,231,57,206,9,381,14,3,24,2038,96,1.407,8.7,1.1,3.9,7.3,1.85,96,benesal01
49,Andy Benes,34,14,155,139,0.527,3.97,403,387,6,21,9,1,2505.1,2377,1206,1106,289,909,52,2000,55,16,63,10645,104,1.312,8.5,1,3.3,7.2,2.2,104,benesan01
50,Armando Benitez,29,9,26,27,0.491,3.04,495,0,333,0,0,176,511.1,333,184,173,61,273,21,689,15,1,13,2126,145,1.185,5.9,1.1,4.8,12.1,2.52,145,benitar01
51,Joaquin Benoit,24,2,4,5,0.444,5.62,18,14,2,0,0,1,89.2,99,57,56,9,61,2,63,5,0,7,431,85,1.784,9.9,0.9,6.1,6.3,1.03,85,benoijo01
52,Kris Benson,27,3,30,32,0.484,4.13,88,88,0,4,1,0,544.2,542,285,250,58,219,18,402,19,2,10,2352,110,1.397,9,1,3.6,6.6,1.84,110,bensokr01
53,Jason Bere,31,10,71,65,0.522,5.14,209,201,2,4,0,0,1104.1,1090,691,631,145,624,25,919,29,1,51,4959,86,1.552,8.9,1.2,5.1,7.5,1.47,86,bereja01
54,Adam Bernero,25,3,4,8,0.333,5.82,45,15,13,0,0,0,148.1,174,105,96,24,48,2,97,8,1,7,656,75,1.497,10.6,1.5,2.9,5.9,2.02,75,bernead01
55,Jason Beverlin,28,1,0,3,0,8.69,7,3,1,0,0,0,19.2,27,22,19,3,9,0,16,0,0,2,95,51,1.831,12.4,1.4,4.1,7.3,1.78,51,beverja01
56,Rocky Biddle,26,3,11,14,0.44,5.23,78,32,10,0,0,1,229,240,154,133,34,99,7,156,13,0,13,1015,89,1.48,9.4,1.3,3.9,6.1,1.58,89,biddlro01
57,Nick Bierbrodt*,24,1,5,6,0.455,5.55,16,16,0,0,0,0,84.1,100,59,52,17,39,1,73,4,0,3,389,82,1.648,10.7,1.8,4.2,7.8,1.87,82,bierbni01
58,Brian Boehringer,33,8,20,27,0.426,4.19,273,21,76,0,0,3,447,431,227,208,51,227,28,365,14,0,10,1983,103,1.472,8.7,1,4.6,7.3,1.61,103,boehrbr01
59,Jung Bong*,21,1,0,1,0,7.5,1,1,0,0,0,0,6,8,5,5,0,2,0,4,0,0,0,27,59,1.667,12,0,3,6,2,59,bongju01
60,Pedro Borbon*,34,8,16,15,0.516,4.45,361,0,80,0,0,6,267,245,145,132,31,132,22,224,15,1,2,1183,102,1.412,8.3,1,4.4,7.6,1.7,102,borbope02
61,Dave Borkowski,25,3,2,9,0.182,6.93,34,13,9,0,0,0,111.2,127,92,86,17,62,4,81,7,0,3,520,68,1.693,10.2,1.4,5,6.5,1.31,68,borkoda01
62,Toby Borland,33,7,10,8,0.556,4.17,182,0,48,0,0,8,241.2,242,130,112,20,126,13,189,18,0,33,1091,103,1.523,9,0.7,4.7,7,1.5,103,borlato02
63,Joe Borowski,31,6,9,12,0.429,3.73,131,1,51,0,0,2,166.1,168,73,69,17,73,15,131,2,0,2,720,113,1.449,9.1,0.9,3.9,7.1,1.79,113,borowjo01
64,Ricky Bottalico,32,9,27,38,0.415,4.03,460,0,282,0,0,114,516,461,243,231,61,261,22,483,20,1,27,2237,110,1.399,8,1.1,4.6,8.4,1.85,110,bottari01
65,Micah Bowie*,27,2,4,7,0.364,8.57,27,11,6,0,0,0,63,93,62,60,10,42,3,49,3,2,4,320,53,2.143,13.3,1.4,6,7,1.17,53,bowiemi01
66,Brian Bowles,25,2,2,1,0.667,3.42,19,0,7,0,0,0,23.2,17,11,9,0,15,1,23,3,1,6,104,138,1.352,6.5,0,5.7,8.7,1.53,138,bowlebr01
67,Jason Boyd,29,3,1,1,0.5,6.88,57,0,17,0,0,0,68,77,59,52,8,41,5,54,2,0,5,316,63,1.735,10.2,1.1,5.4,7.1,1.32,63,boydja02
68,Chad Bradford,27,5,9,4,0.692,3.32,154,0,46,0,0,4,160,163,69,59,9,33,6,110,6,2,2,666,136,1.225,9.2,0.5,1.9,6.2,3.33,136,bradfch01
69,Dewon Brazelton,22,1,0,1,0,4.85,2,2,0,0,0,0,13,12,7,7,3,6,0,5,2,0,0,51,94,1.385,8.3,2.1,4.2,3.5,0.83,94,brazede01
70,Doug Brocail,35,9,28,36,0.438,3.87,338,42,96,0,0,5,563,564,271,242,60,190,20,403,21,5,23,2409,113,1.339,9,1,3,6.4,2.12,113,brocado01
71,Chris Brock,32,6,18,17,0.514,4.81,148,30,31,0,0,1,335,361,193,179,56,137,8,227,10,4,16,1485,91,1.487,9.7,1.5,3.7,6.1,1.66,91,brockch01
72,Troy Brohawn*,29,2,2,4,0.333,5.07,70,0,12,0,0,1,55,60,31,31,6,24,2,33,3,0,2,245,91,1.527,9.8,1,3.9,5.4,1.38,91,brohatr01
73,Jim Brower,29,4,15,16,0.484,4.6,124,23,38,0,0,1,297.1,303,163,152,43,133,9,201,12,1,9,1309,100,1.466,9.2,1.3,4,6.1,1.51,100,broweji01
74,Kevin Brown,37,16,183,122,0.6,3.22,419,409,1,72,17,0,2840,2656,1168,1016,178,791,39,2079,124,14,91,11789,129,1.214,8.4,0.6,2.5,6.6,2.63,129,brownke01
75,Mike Buddie,31,5,5,4,0.556,4.67,87,2,23,0,0,2,131,137,76,68,13,52,11,76,8,1,8,575,93,1.443,9.4,0.9,3.6,5.2,1.46,93,buddimi01
76,Mark Buehrle*,23,3,39,21,0.65,3.52,94,69,6,9,4,0,511.2,479,218,200,54,128,10,297,14,6,7,2094,131,1.186,8.4,0.9,2.3,5.2,2.32,131,buehrma01
77,Ryan Bukvich,24,1,1,0,1,6.12,26,0,2,0,0,0,25,26,19,17,2,19,3,20,1,0,1,121,82,1.8,9.4,0.7,6.8,7.2,1.05,82,bukviry01
78,Kirk Bullinger,32,3,1,0,1,7.3,15,0,2,0,0,0,12.1,20,11,10,1,2,0,6,0,1,0,58,66,1.784,14.6,0.7,1.5,4.4,3,66,bulliki01
79,Dave Burba,35,13,110,85,0.564,4.52,443,232,53,6,1,1,1657.1,1665,902,833,189,717,49,1313,52,3,70,7230,99,1.437,9,1,3.9,7.1,1.83,99,burbada01
80,John Burkett,37,14,154,127,0.548,4.25,413,393,7,20,6,1,2466.2,2664,1266,1164,237,653,58,1659,81,8,30,10539,100,1.345,9.7,0.9,2.4,6.1,2.54,100,burkejo03
81,A.J. Burnett,25,4,30,30,0.5,3.82,78,76,0,9,6,0,501.2,415,235,213,43,242,13,421,18,1,23,2123,109,1.31,7.4,0.8,4.3,7.6,1.74,109,burnea.01
82,Mike Bynum*,24,1,1,0,1,5.27,14,3,3,0,0,0,27.1,33,16,16,3,15,2,17,3,0,2,130,72,1.756,10.9,1,4.9,5.6,1.13,72,bynummi01
83,Paul Byrd,31,8,52,46,0.531,4.39,196,108,30,11,3,0,793,796,432,387,119,243,16,473,34,7,26,3386,107,1.31,9,1.4,2.8,5.4,1.95,107,byrdpa01
84,Tim Byrdak*,28,3,0,4,0,8.27,48,0,6,0,0,1,32.2,48,33,30,9,24,2,26,1,1,4,171,62,2.204,13.2,2.5,6.6,7.2,1.08,62,byrdati01
85,Jose Cabrera,30,6,19,17,0.528,4.95,198,11,71,0,0,4,271,291,161,149,42,94,18,192,14,2,11,1188,89,1.421,9.7,1.4,3.1,6.4,2.04,89,cabrejo01
86,Mickey Callaway,27,3,3,3,0.5,5.52,13,10,2,0,0,0,58.2,64,44,36,8,27,1,36,3,0,3,266,84,1.551,9.8,1.2,4.1,5.5,1.33,84,callami01
87,Buddy Carlyle,24,2,1,3,0.25,7.08,11,7,2,0,0,0,40.2,42,35,32,7,20,0,31,2,0,1,180,60,1.525,9.3,1.5,4.4,6.9,1.55,60,carlybu01
88,Chris Carpenter,27,6,49,50,0.495,4.83,152,135,6,12,5,0,870.2,984,520,467,111,331,8,612,35,2,32,3831,98,1.51,10.2,1.1,3.4,6.3,1.85,98,carpech01
89,Giovanni Carrara,34,6,15,11,0.577,5.15,151,18,23,1,0,1,286.1,309,174,164,56,123,14,196,11,0,3,1273,82,1.509,9.7,1.8,3.9,6.2,1.59,82,carragi01
90,Hector Carrasco,32,8,28,36,0.438,4.17,458,1,151,0,0,15,567,556,290,263,40,279,21,455,19,6,70,2513,109,1.473,8.8,0.6,4.4,7.2,1.63,109,carrahe01
91,Lance Carter,27,2,2,1,0.667,2.1,14,0,10,0,0,2,25.2,18,6,6,4,8,1,17,0,0,0,100,221,1.013,6.3,1.4,2.8,6,2.13,221,cartela02
92,Scott Cassidy,26,1,1,4,0.2,5.73,58,0,17,0,0,0,66,52,42,42,12,32,3,48,7,0,2,282,81,1.273,7.1,1.6,4.4,6.5,1.5,81,cassisc01
93,Frank Castillo,33,11,82,103,0.443,4.55,294,267,7,10,3,2,1590,1655,873,804,190,500,32,1097,59,9,33,6845,95,1.355,9.4,1.1,2.8,6.2,2.19,95,castifr01
94,Jaime Cerda*,23,1,0,0,,2.45,32,0,7,0,0,0,25.2,22,7,7,0,14,0,21,1,1,0,113,165,1.403,7.7,0,4.9,7.4,1.5,165,cerdaja01
95,Shawn Chacon,24,2,11,21,0.344,5.35,48,48,0,0,0,0,279.1,279,180,166,51,147,13,201,17,1,6,1248,95,1.525,9,1.6,4.7,6.5,1.37,95,chacosh01
96,Bruce Chen*,25,5,20,18,0.526,4.53,139,59,16,0,0,0,429,408,238,216,77,184,17,380,8,1,13,1858,97,1.38,8.6,1.6,3.9,8,2.07,97,chenbr01
97,Scott Chiasson,24,2,1,1,0.5,11.12,10,0,3,0,0,0,11.1,16,14,14,4,8,1,9,1,0,1,59,39,2.118,12.7,3.2,6.4,7.1,1.13,39,chiassc01
98,Matt Childers,23,1,0,0,,12,8,0,2,0,0,0,9,13,12,12,2,8,1,6,1,0,0,48,35,2.333,13,2,8,6,0.75,35,childma01
99,Randy Choate*,26,3,3,2,0.6,4.31,77,0,30,0,0,0,87.2,66,49,42,4,50,2,64,13,0,7,383,106,1.323,6.8,0.4,5.1,6.6,1.28,106,choatra01
100,Jason Christiansen*,32,8,17,22,0.436,4.09,360,0,99,0,0,13,326,295,157,148,27,163,31,319,11,2,22,1421,109,1.405,8.1,0.7,4.5,8.8,1.96,109,chrisja01
101,Roger Clemens,39,19,293,151,0.66,3.15,574,573,0,116,45,0,4067,3478,1573,1425,297,1321,51,3909,136,19,120,16775,142,1.18,7.7,0.7,2.9,8.7,2.96,142,clemero02
102,Matt Clement,27,5,46,50,0.479,4.55,132,130,0,3,2,0,773.2,733,431,391,73,388,16,667,46,0,58,3423,92,1.449,8.5,0.8,4.5,7.8,1.72,92,clemema01
103,Pasqual Coco,24,3,1,1,0.5,6.05,10,2,4,0,0,0,19.1,21,14,13,1,14,1,11,3,0,1,96,81,1.81,9.8,0.5,6.5,5.1,0.79,81,cocopa01
104,Dave Coggin,25,3,10,12,0.455,4.52,60,29,7,0,0,0,199,199,108,100,13,102,9,143,10,0,15,880,92,1.513,9,0.6,4.6,6.5,1.4,92,coggida01
105,Jesus Colome,24,2,4,10,0.286,5.6,62,0,24,0,0,0,90,93,63,56,14,58,9,64,4,0,7,413,80,1.678,9.3,1.4,5.8,6.4,1.1,80,colomje01
106,Bartolo Colon,29,6,85,49,0.634,3.85,179,177,0,19,7,0,1146.2,1099,531,491,118,458,22,947,21,1,25,4888,121,1.358,8.6,0.9,3.6,7.4,2.07,121,colonba01
107,Clay Condrey,26,1,1,2,0.333,1.69,9,3,2,0,0,0,26.2,20,7,5,1,8,1,16,2,1,1,106,225,1.05,6.8,0.3,2.7,5.4,2,225,condrcl01
108,David Cone,39,16,193,123,0.611,3.44,445,415,9,56,22,1,2880.2,2484,1209,1102,254,1124,41,2655,106,32,149,12099,121,1.252,7.8,0.8,3.5,8.3,2.36,121,coneda01
109,Aaron Cook,23,1,2,1,0.667,4.54,9,5,1,0,0,0,35.2,41,18,18,4,13,0,14,2,0,0,154,106,1.514,10.3,1,3.3,3.5,1.08,106,cookaa01
110,Dennis Cook*,39,15,64,46,0.582,3.91,665,71,116,6,3,9,1011.2,950,486,440,130,390,49,739,31,16,23,4298,106,1.325,8.5,1.2,3.5,6.6,1.89,106,cookde01
111,Brian Cooper,27,4,5,11,0.313,5.86,29,23,5,1,1,0,136.2,152,99,89,28,61,1,61,6,0,2,616,84,1.559,10,1.8,4,4,1,84,coopebr01
112,Francisco Cordero,27,4,5,5,0.5,3.94,118,0,44,0,0,10,144,142,71,63,15,81,7,110,6,0,10,645,126,1.549,8.9,0.9,5.1,6.9,1.36,126,cordefr01
113,Bryan Corey,28,2,0,0,,7.2,4,0,3,0,0,0,5,6,4,4,1,2,0,1,1,0,0,23,66,1.6,10.8,1.8,3.6,1.8,0.5,66,coreybr01
114,Mark Corey,27,2,0,3,0,9.13,28,0,8,0,0,0,23.2,37,26,24,9,19,3,24,3,0,1,128,50,2.366,14.1,3.4,7.2,9.1,1.26,50,coreyma02
115,Rheal Cormier*,35,11,53,54,0.495,4.25,407,108,52,7,1,1,957.2,1016,505,452,95,232,25,593,39,3,33,4070,98,1.303,9.5,0.9,2.2,5.6,2.56,98,cormirh01
116,Nate Cornejo,22,2,5,9,0.357,6.12,19,19,0,1,0,0,92.2,126,71,63,16,46,4,45,5,0,3,447,70,1.856,12.2,1.6,4.5,4.4,0.98,70,cornena01
117,David Cortes,28,1,0,0,,4.91,4,0,4,0,0,0,3.2,3,3,2,0,4,0,2,0,0,2,18,100,1.909,7.4,0,9.8,4.9,0.5,100,corteda01
118,Doug Creek*,33,7,7,14,0.333,5.29,238,3,59,0,0,1,253.1,222,164,149,40,180,13,263,15,0,14,1146,85,1.587,7.9,1.4,6.4,9.3,1.46,85,creekdo01
119,Jack Cressend,27,3,3,3,0.5,4.59,78,0,17,0,0,0,102,110,57,52,12,41,4,68,2,0,3,447,101,1.48,9.7,1.1,3.6,6,1.66,101,cressja01
120,Jim Crowell*,28,1,0,1,0,9.95,2,1,1,0,0,0,6.1,12,7,7,2,5,0,3,0,0,0,36,46,2.684,17.1,2.8,7.1,4.3,0.6,46,croweji01
121,Mike Crudale,25,1,3,0,1,1.88,49,1,14,0,0,0,52.2,43,11,11,3,14,2,47,1,0,3,213,214,1.082,7.3,0.5,2.4,8,3.36,214,crudami01
122,Juan Cruz,23,2,6,12,0.333,3.74,53,17,14,0,0,1,142,124,72,59,15,76,5,120,10,0,1,616,109,1.408,7.9,1,4.8,7.6,1.58,109,cruzju02
123,Nelson Cruz,29,5,12,18,0.4,4.64,184,11,54,0,0,2,294.2,304,162,152,44,98,13,239,21,1,11,1285,99,1.364,9.3,1.3,3,7.3,2.44,99,cruzne01
124,Darwin Cubillan,29,2,1,0,1,7.09,49,0,17,0,0,0,59.2,83,49,47,10,37,1,46,1,0,2,293,69,2.011,12.5,1.5,5.6,6.9,1.24,69,cubilda01
125,Will Cunnane,28,6,10,9,0.526,5.36,155,12,31,0,0,0,241.2,280,161,144,33,118,14,203,9,0,8,1096,77,1.647,10.4,1.2,4.4,7.6,1.72,77,cunnawi01
126,Eric Cyr*,23,1,0,1,0,10.5,5,0,0,0,0,0,6,6,7,7,0,6,1,4,0,0,0,29,38,2,9,0,9,6,0.67,38,cyrer01
127,Jeff D'Amico,26,6,35,34,0.507,4.41,103,95,2,3,3,0,578,583,315,283,91,173,19,382,18,2,11,2460,103,1.308,9.1,1.4,2.7,5.9,2.21,103,d'amije01
128,Omar Daal*,30,10,64,67,0.489,4.4,373,147,40,5,2,1,1105,1116,582,540,129,411,36,753,32,13,8,4749,98,1.382,9.1,1.1,3.3,6.1,1.83,98,daalom01
129,Vic Darensbourg*,31,5,7,15,0.318,5,271,0,64,0,0,2,264.2,276,155,147,29,115,18,215,10,3,6,1176,84,1.477,9.4,1,3.9,7.3,1.87,84,darenvi01
130,Tom Davey,28,4,7,6,0.538,4.41,114,0,27,0,0,1,136.2,138,78,67,10,70,5,123,11,1,11,614,101,1.522,9.1,0.7,4.6,8.1,1.76,101,daveyto01
131,Doug Davis*,26,4,21,21,0.5,5.03,72,53,4,3,1,0,347,408,210,194,38,149,4,212,9,5,14,1560,95,1.605,10.6,1,3.9,5.5,1.42,95,davisdo02
132,Jason Davis,22,1,1,0,1,1.84,3,2,0,0,0,0,14.2,12,3,3,1,4,0,11,0,1,0,60,243,1.091,7.4,0.6,2.5,6.8,2.75,243,davisja02
133,Kane Davis,27,3,3,8,0.273,6.01,81,2,12,0,0,0,97.1,108,71,65,17,56,6,75,4,1,5,456,85,1.685,10,1.6,5.2,6.9,1.34,85,daviska01
134,Joey Dawley,30,1,0,0,,0,1,0,1,0,0,0,0.1,0,0,0,0,0,0,1,0,0,0,1,,0,0,0,0,27,,,dawlejo01
135,Zach Day,24,1,4,1,0.8,3.62,19,2,5,0,0,1,37.1,28,18,15,3,15,2,25,1,0,1,153,118,1.152,6.8,0.7,3.6,6,1.67,118,dayza01
136,Luis de los Santos,24,1,0,3,0,11.57,3,3,0,0,0,0,14,24,19,18,5,4,0,7,3,0,0,71,39,2,15.4,3.2,2.6,4.5,1.75,39,deloslu02
137,Valerio De Los Santos*,29,5,4,7,0.364,4.21,138,2,33,0,0,0,162.1,138,78,76,24,69,10,132,4,1,6,680,104,1.275,7.7,1.3,3.8,7.3,1.91,104,delosva01
138,Rick DeHart*,32,3,2,1,0.667,5.64,52,0,13,0,0,1,59,73,47,37,12,30,6,44,0,1,3,278,76,1.746,11.1,1.8,4.6,6.7,1.47,76,deharri01
139,Mike DeJean,31,6,19,16,0.543,4.18,367,1,135,0,0,33,415.2,430,214,193,41,188,32,263,17,0,28,1822,119,1.487,9.3,0.9,4.1,5.7,1.4,119,dejeami01
140,Ryan Dempster,25,5,47,48,0.495,4.81,139,136,1,8,2,0,848.1,874,476,453,106,433,17,694,40,0,24,3781,89,1.541,9.3,1.1,4.6,7.4,1.6,89,dempsry01
141,Sean DePaula,28,3,1,1,0.5,6.75,29,0,8,0,0,0,34.2,39,26,26,6,20,2,42,0,0,0,161,74,1.702,10.1,1.6,5.2,10.9,2.1,74,depause01
142,Elmer Dessens,31,6,30,35,0.462,4.29,165,88,16,2,1,1,633.1,696,319,302,78,177,18,364,12,2,12,2696,105,1.378,9.9,1.1,2.5,5.2,2.06,105,desseel01
143,Matt DeWitt,24,3,1,3,0.25,4.95,29,0,17,0,0,0,40,48,23,22,7,22,5,24,3,0,3,185,95,1.75,10.8,1.6,5,5.4,1.09,95,dewitma01
144,R.A. Dickey,27,1,0,1,0,6.75,4,0,1,0,0,0,12,13,9,9,3,7,1,4,0,0,1,53,71,1.667,9.8,2.3,5.3,3,0.57,71,dicker.01
145,Ben Diggins,23,1,0,4,0,8.63,5,5,0,0,0,0,24,28,24,23,4,18,1,15,1,1,3,118,48,1.917,10.5,1.5,6.8,5.6,0.83,48,diggibe01
146,Craig Dingman,28,2,0,0,,9.33,17,0,8,0,0,1,18.1,29,19,19,5,6,2,10,2,0,0,88,56,1.909,14.2,2.5,2.9,4.9,1.67,56,dingmcr01
147,Brendan Donnelly,30,1,1,1,0.5,2.17,46,0,11,0,0,1,49.2,32,13,12,2,19,3,54,2,0,1,199,205,1.027,5.8,0.4,3.4,9.8,2.84,205,donnebr01
148,Octavio Dotel,28,4,24,19,0.558,3.86,213,34,68,0,0,24,412.2,333,188,177,50,184,8,490,19,2,15,1745,120,1.253,7.3,1.1,4,10.7,2.66,120,doteloc01
149,Sean Douglass,23,2,2,6,0.25,5.86,19,12,2,0,0,0,73.2,79,53,48,13,46,2,61,3,1,4,339,74,1.697,9.7,1.6,5.6,7.5,1.33,74,douglse01
150,Scott Downs*,26,1,4,3,0.571,5.29,19,19,0,0,0,0,97,122,62,57,13,40,1,63,5,0,1,442,87,1.67,11.3,1.2,3.7,5.8,1.58,87,downssc01
151,Darren Dreifort,30,7,43,52,0.453,4.38,204,103,35,3,3,10,761.2,725,411,371,79,328,14,672,40,9,51,3302,95,1.382,8.6,0.9,3.9,7.9,2.05,95,dreifda01
152,Ryan Drese,26,2,11,11,0.5,5.9,35,30,2,1,0,0,174,208,119,114,17,77,3,126,7,0,11,784,75,1.638,10.8,0.9,4,6.5,1.64,75,dresery01
153,Tim Drew,23,3,2,2,0.5,6.9,18,10,3,0,0,2,60,80,59,46,11,26,0,30,5,0,5,288,66,1.767,12,1.7,3.9,4.5,1.15,66,drewti01
154,Travis Driskill,30,1,8,8,0.5,4.95,29,19,6,0,0,0,132.2,150,78,73,21,48,1,78,8,0,6,589,87,1.492,10.2,1.4,3.3,5.3,1.63,87,drisktr01
155,Eric DuBose*,26,1,0,0,,3,4,0,2,0,0,0,6,7,2,2,1,1,0,4,1,0,0,25,151,1.333,10.5,1.5,1.5,6,4,151,duboser01
156,Justin Duchscherer,24,1,1,1,0.5,12.27,5,2,1,0,0,0,14.2,24,20,20,5,4,0,11,4,0,1,76,39,1.909,14.7,3.1,2.5,6.8,2.75,39,duchsju01
157,Brandon Duckworth,26,2,11,11,0.5,4.85,41,40,0,0,0,0,232,224,132,125,28,98,10,207,13,0,12,1014,82,1.388,8.7,1.1,3.8,8,2.11,82,duckwbr01
158,Matt Duff,27,1,0,0,,4.76,7,0,1,0,0,0,5.2,3,3,3,0,8,2,4,0,0,0,28,89,1.941,4.8,0,12.7,6.4,0.5,89,duffma01
159,Courtney Duncan,27,2,3,3,0.5,4.8,38,0,16,0,0,0,45,44,24,24,5,26,3,50,2,0,2,203,88,1.556,8.8,1,5.2,10,1.92,88,duncaco01
160,Chad Durbin,24,4,11,22,0.333,6.01,48,47,0,2,0,0,262,306,191,175,43,106,1,140,12,0,14,1178,82,1.573,10.5,1.5,3.6,4.8,1.32,82,durbich01
161,Jayson Durocher,27,1,1,1,0.5,1.88,39,0,10,0,0,0,48,27,13,10,3,21,2,44,2,0,1,189,219,1,5.1,0.6,3.9,8.3,2.1,219,durocja01
162,Adam Eaton,24,3,16,10,0.615,4.36,45,45,0,2,0,0,285,270,144,138,39,118,6,224,9,0,8,1224,94,1.361,8.5,1.2,3.7,7.1,1.9,94,eatonad01
163,Eric Eckenstahler*,25,1,1,0,1,5.63,7,0,2,0,0,0,8,14,5,5,1,2,0,13,0,0,0,39,79,2,15.8,1.1,2.3,14.6,6.5,79,eckener01
164,Joey Eischen*,32,6,7,4,0.636,3.52,154,0,47,0,0,2,174,172,79,68,13,80,14,139,10,1,13,765,123,1.448,8.9,0.7,4.1,7.2,1.74,123,eischjo01
165,Scott Elarton,26,4,32,23,0.582,4.91,124,71,15,2,0,3,506.1,495,298,276,76,206,3,395,17,0,17,2201,96,1.384,8.8,1.4,3.7,7,1.92,96,elartsc01
166,Dave Elder,26,1,0,2,0,3.13,15,0,3,0,0,0,23,18,10,8,1,14,3,23,1,0,0,100,142,1.391,7,0.4,5.5,9,1.64,142,elderda01
167,Cal Eldred,34,11,74,68,0.521,4.57,196,191,2,19,4,0,1196.2,1172,644,607,150,510,9,789,43,2,32,5195,100,1.406,8.8,1.1,3.8,5.9,1.55,100,eldreca01
168,Robert Ellis,31,3,6,6,0.5,5.6,25,17,4,0,0,0,99.2,112,64,62,13,38,2,46,4,2,4,445,84,1.505,10.1,1.2,3.4,4.2,1.21,84,ellisro02
169,Alan Embree*,32,9,22,25,0.468,4.46,432,4,112,0,0,6,408,380,223,202,53,176,14,398,14,2,19,1763,98,1.363,8.4,1.2,3.9,8.8,2.26,98,embreal01
170,John Ennis,22,1,0,0,,4.5,1,1,0,0,0,0,4,5,2,2,0,3,0,1,0,0,0,18,101,2,11.3,0,6.8,2.3,0.33,101,ennisjo01
171,Scott Erickson,34,12,140,128,0.522,4.51,355,350,2,51,17,0,2267,2473,1235,1136,211,813,30,1226,96,3,65,9842,100,1.449,9.8,0.8,3.2,4.9,1.51,100,ericksc01
172,Kelvim Escobar,26,6,45,46,0.495,4.66,260,75,118,5,2,54,668.2,657,375,346,69,316,18,585,21,1,16,2942,103,1.455,8.8,0.9,4.3,7.9,1.85,103,escobke01
173,Shawn Estes*,29,8,69,62,0.527,4.37,189,189,0,10,7,0,1150.2,1116,605,559,87,604,30,904,38,7,63,5040,95,1.495,8.7,0.7,4.7,7.1,1.5,95,estessh01
174,Leo Estrella,27,1,0,0,,5.79,2,0,1,0,0,0,4.2,9,3,3,1,0,0,3,0,0,0,21,93,1.929,17.4,1.9,0,5.8,,93,estrele01
175,Seth Etherton,25,1,5,1,0.833,5.52,11,11,0,0,0,0,60.1,68,38,37,16,22,0,32,1,0,2,270,91,1.492,10.1,2.4,3.3,4.8,1.45,91,etherse01
176,Scott Eyre*,30,6,12,20,0.375,5.25,165,32,32,0,0,2,302,338,198,176,49,165,13,216,6,0,17,1379,88,1.666,10.1,1.5,4.9,6.4,1.31,88,eyresc01
177,Brian Falkenborg,24,1,0,0,,0,2,0,0,0,0,0,3,2,0,0,0,2,0,1,0,0,0,12,,1.333,6,0,6,3,0.5,,falkebr01
178,Jeff Farnsworth,26,1,2,3,0.4,5.79,44,0,15,0,0,0,70,100,47,45,6,29,8,28,2,1,6,331,74,1.843,12.9,0.8,3.7,3.6,0.97,74,farnsje01
179,Kyle Farnsworth,26,4,15,30,0.333,5.12,194,26,50,1,1,4,335.2,348,211,191,59,155,18,297,9,3,13,1502,85,1.499,9.3,1.6,4.2,8,1.92,85,farnsky01
180,Jeff Fassero*,39,12,112,101,0.526,3.93,559,217,116,17,2,22,1738,1739,857,758,177,607,40,1461,31,7,75,7491,112,1.35,9,0.9,3.1,7.6,2.41,112,fasseje01
181,Pedro Feliciano*,25,1,0,0,,7.5,6,0,3,0,0,0,6,9,5,5,0,1,0,4,0,0,0,26,57,1.667,13.5,0,1.5,6,4,57,felicpe01
182,Jared Fernandez,30,2,1,4,0.2,4.43,19,10,4,0,0,0,63,72,40,31,6,30,1,41,5,0,4,288,99,1.619,10.3,0.9,4.3,5.9,1.37,99,fernaja01
183,Mike Fetters,37,14,31,40,0.437,3.76,592,6,284,0,0,99,692,674,338,289,60,336,37,503,29,4,53,3024,119,1.46,8.8,0.8,4.4,6.5,1.5,119,fettemi01
184,Nate Field,26,1,0,0,,9,5,0,0,0,0,0,5,8,5,5,2,3,1,3,0,0,2,26,58,2.2,14.4,3.6,5.4,5.4,1,58,fieldna01
185,Nelson Figueroa,28,3,5,13,0.278,4.74,52,27,5,0,0,0,197.2,208,112,104,30,79,9,119,11,0,9,873,89,1.452,9.5,1.4,3.6,5.4,1.51,89,figuene01
186,Jeremy Fikac,27,2,6,7,0.462,4.25,88,0,20,0,0,0,95.1,89,56,45,15,39,9,85,4,1,6,417,90,1.343,8.4,1.4,3.7,8,2.18,90,fikacje01
187,Bob File,25,2,5,4,0.556,3.94,65,0,21,0,0,0,77.2,65,35,34,6,31,8,40,7,0,2,319,117,1.236,7.5,0.7,3.6,4.6,1.29,117,filebo01
188,Chuck Finley*,39,17,200,173,0.536,3.85,524,467,24,63,15,0,3197.1,3069,1517,1366,304,1332,36,2610,76,22,130,13638,115,1.376,8.6,0.9,3.7,7.3,1.96,115,finlech01
189,Tony Fiore,30,3,11,5,0.688,4.05,66,2,19,0,0,0,115.2,104,54,52,13,55,6,71,8,0,4,500,113,1.375,8.1,1,4.3,5.5,1.29,113,fioreto01
190,Brian Fitzgerald*,27,1,0,0,,8.53,6,0,3,0,0,0,6.1,11,8,6,2,2,0,3,1,0,0,36,53,2.053,15.6,2.8,2.8,4.3,1.5,53,fitzgbr01
191,Randy Flores*,26,1,0,2,0,7.45,28,2,9,0,0,1,29,40,26,24,7,16,3,14,3,0,4,140,65,1.931,12.4,2.2,5,4.3,0.88,65,florera01
192,Josh Fogg,25,2,12,12,0.5,4.2,44,33,4,0,0,0,207.2,209,105,97,28,72,13,130,9,0,2,885,102,1.353,9.1,1.2,3.1,5.6,1.81,102,foggjo01
193,Ben Ford,26,2,0,1,0,9.43,12,2,2,0,0,0,21,27,23,22,3,10,0,10,5,0,1,101,50,1.762,11.6,1.3,4.3,4.3,1,50,fordbe01
194,Casey Fossum*,24,2,8,6,0.571,3.87,56,19,16,0,0,1,151,157,82,65,16,50,1,127,10,1,4,658,118,1.371,9.4,1,3,7.6,2.54,118,fossuca01
195,John Foster*,24,1,1,0,1,10.8,5,0,0,0,0,0,5,6,6,6,3,6,0,6,1,0,0,28,41,2.4,10.8,5.4,10.8,10.8,1,41,fostejo01
196,Keith Foulke,29,6,19,24,0.442,3.36,357,8,216,0,0,100,490.2,399,189,183,52,121,14,458,23,1,8,1982,140,1.06,7.3,1,2.2,8.4,3.79,140,foulkke01
197,Chad Fox,31,5,7,7,0.5,3.33,153,0,31,0,0,2,162.1,141,66,60,15,81,8,187,7,2,15,710,130,1.368,7.8,0.8,4.5,10.4,2.31,130,foxch02
198,John Franco*,41,18,88,76,0.537,2.75,998,0,741,0,0,422,1150.1,1062,414,351,70,449,72,907,19,9,50,4880,144,1.314,8.3,0.5,3.5,7.1,2.02,144,francjo01
199,Ryan Franklin,29,3,12,6,0.667,3.89,85,12,26,0,0,0,208.1,203,100,90,29,54,6,131,10,0,2,881,110,1.234,8.8,1.3,2.3,5.7,2.43,110,frankry01
200,Wayne Franklin*,28,3,2,1,0.667,4.55,40,4,7,0,0,0,57.1,57,31,29,7,38,2,47,4,1,0,266,101,1.657,8.9,1.1,6,7.4,1.24,101,frankwa01
201,Kevin Frederick,25,1,0,0,,10.03,8,0,3,0,0,0,11.2,13,13,13,3,10,0,5,0,0,2,56,46,1.971,10,2.3,7.7,3.9,0.5,46,fredeke01
202,Brian Fuentes*,26,2,3,1,0.75,4.7,41,0,12,0,0,0,38.1,31,20,20,6,21,0,48,6,0,2,165,99,1.357,7.3,1.4,4.9,11.3,2.29,99,fuentbr01
203,Aaron Fultz*,28,3,10,5,0.667,4.66,167,0,47,0,0,2,181.2,184,100,94,21,68,6,160,7,2,2,784,88,1.387,9.1,1,3.4,7.9,2.35,88,fultzaa01
204,Mike Fyhrie,32,5,2,11,0.154,4,84,11,19,0,0,0,175.1,183,82,78,16,67,6,109,4,1,1,762,118,1.426,9.4,0.8,3.4,5.6,1.63,118,fyhrimi01
205,Eric Gagne,26,4,15,15,0.5,4.02,135,48,71,0,0,52,365.1,323,178,163,53,137,6,353,21,1,9,1546,101,1.259,8,1.3,3.4,8.7,2.58,101,gagneer01
206,Rich Garces,31,10,23,10,0.697,3.74,287,0,60,0,0,7,341.1,290,162,142,32,164,19,296,11,2,6,1476,128,1.33,7.6,0.8,4.3,7.8,1.8,128,garceri01
207,Freddy Garcia,25,4,60,29,0.674,3.83,122,121,0,7,4,0,788,743,356,335,80,286,17,593,23,7,26,3352,116,1.306,8.5,0.9,3.3,6.8,2.07,116,garcifr03
208,Reynaldo Garcia,28,1,0,0,,31.5,3,0,1,0,0,0,2,7,7,7,3,1,0,2,0,0,1,14,17,4,31.5,13.5,4.5,9,2,17,garcire01
209,Lee Gardner,27,1,1,1,0.5,4.05,12,0,3,0,0,0,13.1,12,11,6,3,8,0,8,3,0,0,65,112,1.5,8.1,2,5.4,5.4,1,112,gardnle01
210,Jon Garland,22,3,22,27,0.449,4.65,83,62,9,1,1,1,379.1,393,223,196,49,178,3,215,14,0,12,1661,100,1.505,9.3,1.2,4.2,5.1,1.21,100,garlajo01
211,Chris George*,22,2,4,12,0.25,5.6,19,19,0,1,0,0,101.1,120,65,63,16,26,0,45,1,2,4,437,87,1.441,10.7,1.4,2.3,4,1.73,87,georgch02
212,Franklyn German,22,1,1,0,1,0,7,0,1,0,0,1,6.2,3,0,0,0,2,1,6,1,0,0,25,,0.75,4.1,0,2.7,8.1,3,,germafr01
213,Matt Ginter,24,3,3,0,1,5.57,60,0,25,0,0,1,103.1,111,71,64,13,42,2,67,8,0,5,455,83,1.481,9.7,1.1,3.7,5.8,1.6,83,gintema01
214,Tom Glavine*,36,16,242,143,0.629,3.37,505,505,0,52,22,0,3344.2,3174,1388,1252,247,1140,110,2054,50,7,59,14030,123,1.29,8.5,0.7,3.1,5.5,1.8,123,glavito02
215,Gary Glover,25,3,12,13,0.48,5.07,88,33,21,0,0,1,239.2,234,147,135,37,85,4,133,11,0,10,1036,90,1.331,8.8,1.4,3.2,5,1.56,90,glovega01
216,Ryan Glynn,27,3,8,16,0.333,6.42,41,35,5,0,0,0,189.1,237,149,135,32,102,3,87,4,1,11,893,77,1.79,11.3,1.5,4.8,4.1,0.85,77,glynnry01
217,Wayne Gomes,29,6,30,23,0.566,4.6,321,0,137,0,0,29,368,373,201,188,33,191,17,284,13,1,25,1648,98,1.533,9.1,0.8,4.7,6.9,1.49,98,gomeswa01
218,Dicky Gonzalez,23,1,3,2,0.6,4.88,16,7,2,0,0,0,59,72,33,32,4,17,3,31,1,0,5,261,85,1.508,11,0.6,2.6,4.7,1.82,85,gonzadi01
219,Geremi Gonzalez,27,2,18,16,0.529,4.71,43,43,0,2,2,0,254,250,145,133,29,110,10,163,5,4,3,1106,92,1.417,8.9,1,3.9,5.8,1.48,92,gonzaje01
220,Tom Gordon,34,14,106,101,0.512,4.11,525,203,208,18,4,98,1733,1590,872,792,140,839,40,1546,30,4,93,7510,109,1.402,8.3,0.7,4.4,8,1.84,109,gordoto01
221,Mark Grace*,38,1,0,0,,9,1,0,1,0,0,0,1,1,1,1,1,0,0,0,0,0,0,4,67,1,9,9,0,0,,67,gracema01
222,Danny Graves,28,7,35,21,0.625,3.42,367,4,264,0,0,129,518.1,499,222,197,42,192,31,306,14,2,19,2194,133,1.333,8.7,0.7,3.3,5.3,1.59,133,graveda01
223,Seth Greisinger,26,2,8,11,0.421,5.37,29,29,0,0,0,0,167.2,188,105,100,21,61,4,80,5,0,3,730,86,1.485,10.1,1.1,3.3,4.3,1.31,86,greisse01
224,Jason Grilli,25,2,3,2,0.6,5.94,7,6,1,0,0,0,33.1,41,22,22,6,13,0,20,4,0,0,150,73,1.62,11.1,1.6,3.5,5.4,1.54,73,grillja01
225,Jason Grimsley,34,11,33,41,0.446,4.77,362,72,100,3,1,4,749,751,436,397,64,410,31,505,39,2,84,3366,96,1.55,9,0.8,4.9,6.1,1.23,96,grimsja01
226,Buddy Groom*,36,11,25,27,0.481,4.56,619,15,140,0,0,25,595.2,649,324,302,55,218,30,408,14,3,19,2597,100,1.456,9.8,0.8,3.3,6.2,1.87,100,groombu01
227,Kevin Gryboski,28,1,2,1,0.667,3.48,57,0,10,0,0,0,51.2,50,20,20,6,37,5,33,5,0,2,238,120,1.684,8.7,1,6.4,5.7,0.89,120,gryboke01
228,Eddie Guardado*,31,10,33,42,0.44,4.67,573,25,198,0,0,75,632.1,612,340,328,92,254,29,545,11,2,17,2716,102,1.37,8.7,1.3,3.6,7.8,2.15,102,guarded01
229,Mark Guthrie*,36,14,49,51,0.49,4.11,700,43,158,3,1,14,936,949,475,427,95,359,49,754,19,5,60,4024,105,1.397,9.1,0.9,3.5,7.3,2.1,105,guthrma01
230,Luther Hackman,27,4,7,8,0.467,5.05,84,9,17,0,0,1,135.1,148,82,76,19,69,4,80,7,2,8,616,86,1.603,9.8,1.3,4.6,5.3,1.16,86,hackmlu01
231,John Halama*,30,5,42,32,0.568,4.54,136,87,25,2,2,0,589.1,680,331,297,66,184,8,333,18,3,14,2569,100,1.466,10.4,1,2.8,5.1,1.81,100,halamjo01
232,Roy Halladay,25,5,37,24,0.607,4.11,108,83,6,5,3,1,575.2,592,301,263,48,210,7,403,14,3,20,2495,115,1.393,9.3,0.8,3.3,6.3,1.92,115,hallaro01
233,Joey Hamilton,31,9,74,73,0.503,4.38,239,209,12,7,4,1,1330,1387,706,647,127,488,26,887,61,2,47,5756,95,1.41,9.4,0.9,3.3,6,1.82,95,hamiljo02
234,Chris Hammond*,36,10,53,57,0.482,4.25,254,136,18,5,3,1,919.2,955,480,434,82,344,31,576,24,9,30,3968,97,1.412,9.3,0.8,3.4,5.6,1.67,97,hammoch01
235,Mike Hampton*,29,10,106,81,0.567,3.98,303,249,9,18,8,1,1642.1,1698,836,726,143,665,29,1048,44,10,60,7116,110,1.439,9.3,0.8,3.6,5.7,1.58,110,hamptmi01
236,Josh Hancock,24,1,0,1,0,3.68,3,1,2,0,0,0,7.1,5,3,3,1,2,0,6,0,0,0,28,129,0.955,6.1,1.2,2.5,7.4,3,129,hancojo01
237,Chris Haney*,33,11,38,52,0.422,5.07,196,125,18,8,4,1,824.2,924,510,465,94,286,10,442,31,3,37,3631,91,1.467,10.1,1,3.1,4.8,1.55,91,haneych01
238,Aaron Harang,24,1,5,4,0.556,4.83,16,15,0,0,0,0,78.1,78,44,42,7,45,2,64,3,0,1,354,90,1.57,9,0.8,5.2,7.4,1.42,90,haranaa01
239,Tim Harikkala,30,3,1,2,0.333,9.15,9,1,3,0,0,0,20.2,26,21,21,2,9,1,9,2,0,1,96,57,1.694,11.3,0.9,3.9,3.9,1,57,harikti01
240,Travis Harper,26,3,6,13,0.316,5.41,45,14,16,1,1,1,124.2,146,82,75,24,45,3,76,10,0,4,571,85,1.532,10.5,1.7,3.2,5.5,1.69,85,harpetr01
241,Chad Harville,25,2,0,2,0,5.71,18,0,9,0,0,0,17.1,20,11,11,2,10,1,17,0,1,4,80,83,1.731,10.4,1,5.2,8.8,1.7,83,harvich01
242,Shigetoshi Hasegawa,33,6,38,30,0.559,3.76,340,8,119,0,0,17,512.2,496,238,214,62,200,29,339,13,5,15,2169,125,1.358,8.7,1.1,3.5,6,1.7,125,hasegsh01
243,LaTroy Hawkins,29,8,35,54,0.393,5.38,292,98,105,2,0,42,740.2,887,477,443,101,275,8,457,13,7,45,3304,90,1.569,10.8,1.2,3.3,5.6,1.66,90,hawkila01
244,Jimmy Haynes,29,8,61,74,0.452,5.24,204,181,10,1,1,1,1091.1,1214,687,635,131,537,38,705,25,3,48,4890,86,1.604,10,1.1,4.4,5.8,1.31,86,hayneji01
245,Rick Helling,31,9,82,70,0.539,4.72,231,201,11,10,4,0,1287.1,1309,721,675,208,484,23,886,34,3,41,5558,101,1.393,9.2,1.5,3.4,6.2,1.83,101,helliri01
246,Mark Hendrickson*,28,1,3,0,1,2.45,16,4,0,0,0,0,36.2,25,11,10,1,12,3,21,2,0,0,142,189,1.009,6.1,0.2,2.9,5.2,1.75,189,hendrma01
247,Oscar Henriquez,28,3,1,2,0.333,6.06,49,0,17,0,0,2,52,47,38,35,9,30,4,45,3,0,4,232,70,1.481,8.1,1.6,5.2,7.8,1.5,70,henrios01
248,Pat Hentgen,33,12,122,95,0.562,4.22,298,268,11,33,10,0,1834.1,1871,935,861,228,675,26,1157,40,9,61,7876,111,1.388,9.2,1.1,3.3,5.7,1.71,111,hentgpa01
249,Felix Heredia*,27,7,22,15,0.595,4.69,392,2,96,0,0,5,330,329,199,172,30,178,15,279,13,1,25,1489,93,1.536,9,0.8,4.9,7.6,1.57,93,heredfe01
250,Matt Herges,32,4,22,18,0.55,3.52,213,4,73,0,0,8,299,301,128,117,30,120,25,219,17,0,9,1298,119,1.408,9.1,0.9,3.6,6.6,1.83,119,hergema01
251,Dustin Hermanson,29,8,62,62,0.5,4.3,215,156,21,4,2,4,1019.1,1031,552,487,130,372,18,695,24,6,28,4378,103,1.376,9.1,1.1,3.3,6.1,1.87,103,hermadu01
252,Adrián Hernández,27,2,0,4,0,5.46,8,4,1,0,0,0,28,25,18,17,9,16,1,19,2,0,5,125,84,1.464,8,2.9,5.1,6.1,1.19,84,hernaad01
253,Carlos Hernandez*,22,2,8,5,0.615,3.92,26,24,0,0,0,0,128.2,123,58,56,12,68,5,110,3,2,3,565,112,1.484,8.6,0.8,4.8,7.7,1.62,112,hernaca03
254,Liván Hernández,27,7,69,69,0.5,4.42,181,180,0,23,5,0,1216,1329,652,597,130,449,29,817,22,6,17,5303,93,1.462,9.8,1,3.3,6,1.82,93,hernali01
255,Orlando Hernandez,36,5,53,38,0.582,4.04,124,121,1,8,2,1,791.2,707,379,355,105,268,8,619,33,2,18,3324,114,1.232,8,1.2,3,7,2.31,114,hernaor01
256,Roberto Hernandez,37,12,48,51,0.485,3.22,696,3,585,0,0,320,775,698,311,277,62,305,28,716,25,1,31,3293,143,1.294,8.1,0.7,3.5,8.3,2.35,143,hernaro01
257,Runelvys Hernandez,24,1,4,4,0.5,4.36,12,12,0,0,0,0,74.1,79,36,36,8,22,0,45,1,0,2,316,114,1.359,9.6,1,2.7,5.4,2.05,114,hernaru03
258,Alex Herrera*,22,1,0,0,,0,5,0,1,0,0,0,5.1,3,0,0,0,1,0,5,0,0,0,20,,0.75,5.1,0,1.7,8.4,5,,herreal01
259,Erik Hiljus,29,4,8,3,0.727,4.79,34,20,5,0,0,0,124,134,73,66,21,48,2,99,0,1,3,547,93,1.468,9.7,1.5,3.5,7.2,2.06,93,hiljuer01
260,Jeremy Hill,24,1,0,1,0,3.86,10,0,6,0,0,0,9.1,8,4,4,1,8,1,7,0,0,1,43,133,1.714,7.7,1,7.7,6.8,0.88,133,hillje02
261,Sterling Hitchcock*,31,11,68,69,0.496,4.77,242,189,19,10,2,3,1176.2,1261,673,624,162,431,21,915,41,11,57,5161,91,1.438,9.6,1.2,3.3,7,2.12,91,hitchst01
262,Trey Hodges,24,1,2,0,1,5.4,4,0,0,0,0,0,11.2,16,7,7,2,2,0,6,1,0,1,53,79,1.543,12.3,1.5,1.5,4.6,3,79,hodgetr01
263,Trevor Hoffman,34,10,45,44,0.506,2.79,632,0,520,0,0,352,701,526,241,217,65,214,43,797,6,0,40,2825,146,1.056,6.8,0.8,2.7,10.2,3.72,146,hoffmtr01
264,Darren Holmes,36,12,34,31,0.523,4.25,509,6,200,0,0,59,638,662,326,301,58,245,36,535,15,4,25,2786,111,1.422,9.3,0.8,3.5,7.5,2.18,111,holmeda01
265,Mike Holtz*,29,7,16,20,0.444,4.68,350,0,66,0,0,3,238.1,242,143,124,25,127,17,221,14,0,18,1078,100,1.548,9.1,0.9,4.8,8.3,1.74,100,holtzmi01
266,Ben Howard,23,1,0,1,0,9.28,3,2,0,0,0,0,10.2,13,11,11,4,14,1,10,0,0,0,58,42,2.531,11,3.4,11.8,8.4,0.71,42,howarbe01
267,Bob Howry,28,5,14,20,0.412,3.81,314,0,147,0,0,49,340.1,301,158,144,41,137,20,300,18,1,15,1442,125,1.287,8,1.1,3.6,7.9,2.19,125,howrybo01
268,Luke Hudson,25,1,0,0,,4.5,3,0,0,0,0,0,6,5,5,3,1,6,0,7,0,0,2,28,101,1.833,7.5,1.5,9,10.5,1.17,101,hudsolu01
269,Tim Hudson,26,4,64,26,0.711,3.42,122,122,0,10,4,0,812,743,343,309,71,277,21,634,25,2,29,3390,131,1.256,8.2,0.8,3.1,7,2.29,131,hudsoti01
270,Hideki Irabu,33,6,34,35,0.493,5.15,126,80,28,4,2,16,514,547,308,294,91,175,3,405,18,6,25,2236,89,1.405,9.6,1.6,3.1,7.1,2.31,89,irabuhi01
271,Kazuhisa Ishii*,28,1,14,10,0.583,4.27,28,28,0,0,0,0,154,137,82,73,20,106,3,143,4,0,7,692,89,1.578,8,1.2,6.2,8.4,1.35,89,ishiika01
272,Jason Isringhausen,29,7,31,31,0.5,3.94,271,52,182,3,1,108,564.2,549,274,247,42,233,22,444,18,2,32,2436,107,1.385,8.8,0.7,3.7,7.1,1.91,107,isrinja01
273,Hansel Izquierdo,25,1,2,0,1,4.55,20,2,5,0,0,0,29.2,33,17,15,2,21,3,20,5,0,0,144,89,1.82,10,0.6,6.4,6.1,0.95,89,izquiha02
274,Michael Jackson,37,16,60,67,0.472,3.35,960,7,410,0,0,142,1141.2,928,465,425,120,449,78,980,53,25,38,4756,128,1.206,7.3,0.9,3.5,7.7,2.18,128,jacksmi02
275,Delvin James,24,1,0,3,0,6.55,8,6,2,0,0,0,34.1,40,25,25,5,15,1,17,1,1,2,150,68,1.602,10.5,1.3,3.9,4.5,1.13,68,jamesde01
276,Mike James,34,7,16,14,0.533,3.67,288,0,86,0,0,11,314,285,144,128,30,149,17,247,27,0,12,1366,129,1.382,8.2,0.9,4.3,7.1,1.66,129,jamesmi01
277,Kevin Jarvis,32,8,29,38,0.433,5.83,148,98,17,4,3,1,642.1,755,453,416,125,207,15,382,17,0,15,2849,76,1.498,10.6,1.8,2.9,5.4,1.85,76,jarvike01
278,Jason Jennings,23,2,20,9,0.69,4.53,39,39,0,1,1,0,224.2,243,123,113,28,89,2,153,9,0,11,982,108,1.478,9.7,1.1,3.6,6.1,1.72,108,jennija01
279,Ryan Jensen,26,2,14,10,0.583,4.46,42,37,2,1,0,0,214,227,114,106,26,91,4,131,9,0,5,937,88,1.486,9.5,1.1,3.8,5.5,1.44,88,jensery01
280,D'Angelo Jimenez,24,1,0,0,,0,1,0,1,0,0,0,1.1,0,0,0,0,0,0,0,0,0,0,4,,0,0,0,0,0,,,jimend'01
281,Jason Jimenez*,26,1,0,0,,7.36,6,0,4,0,0,0,7.1,12,8,6,2,2,0,5,0,0,0,36,65,1.909,14.7,2.5,2.5,6.1,2.5,65,jimenja01
282,Jose Jimenez,28,5,21,27,0.438,4.51,235,31,173,2,2,82,383.1,390,210,192,33,140,16,253,17,1,18,1666,110,1.383,9.2,0.8,3.3,5.9,1.81,110,jimenjo01
283,Adam Johnson,22,1,1,2,0.333,8.28,7,4,0,0,0,0,25,32,25,23,6,13,0,17,5,0,1,119,55,1.8,11.5,2.2,4.7,6.1,1.31,55,johnsad01
284,Jason Johnson,28,6,26,48,0.351,5.14,117,101,3,3,0,0,616.1,658,388,352,95,262,7,400,29,1,23,2734,87,1.493,9.6,1.4,3.8,5.8,1.53,87,johnsja02
285,Jonathan Johnson,27,5,2,3,0.4,6.82,38,1,10,0,0,0,62,76,51,47,7,38,4,61,9,0,2,307,70,1.839,11,1,5.5,8.9,1.61,70,johnsjo08
286,Randy Johnson*,38,15,224,106,0.679,3.06,436,426,5,87,34,2,3008.1,2310,1154,1023,267,1231,19,3746,138,26,91,12411,145,1.177,6.9,0.8,3.7,11.2,3.04,145,johnsra05
287,Bobby Jones,32,10,89,83,0.517,4.36,245,241,1,11,4,0,1518.2,1639,833,735,194,412,39,887,38,8,17,6508,94,1.351,9.7,1.1,2.4,5.3,2.15,94,jonesbo03
288,Bobby Jones*,30,5,14,20,0.412,5.77,96,47,7,1,0,0,321.1,363,225,206,44,187,3,226,16,1,8,1497,91,1.712,10.2,1.2,5.2,6.3,1.21,91,jonesbo04
289,Todd Jones,34,10,36,37,0.493,3.75,607,0,387,0,0,184,681,650,312,284,62,313,41,613,21,1,30,2947,117,1.414,8.6,0.8,4.1,8.1,1.96,117,jonesto02
290,Kevin Joseph,25,1,0,1,0,4.91,11,0,6,0,0,0,11,16,7,6,1,6,0,2,2,0,0,52,84,2,13.1,0.8,4.9,1.6,0.33,84,josepke01
291,Jorge Julio,23,2,6,7,0.462,2.42,85,0,69,0,0,25,89.1,80,35,24,7,36,3,77,3,0,9,388,179,1.299,8.1,0.7,3.6,7.8,2.14,179,juliojo01
292,Eric Junge,25,1,2,0,1,1.42,4,1,2,0,0,0,12.2,14,3,2,0,5,0,11,0,0,0,56,281,1.5,9.9,0,3.6,7.8,2.2,281,jungeer01
293,Jason Karnuth,26,1,0,0,,1.8,4,0,1,0,0,0,5,6,1,1,1,4,0,1,1,0,0,24,257,2,10.8,1.8,7.2,1.8,0.25,257,karnuja01
294,Steve Karsay,30,8,31,38,0.449,3.88,321,40,130,1,0,41,565.2,582,261,244,51,187,36,435,22,0,22,2433,118,1.359,9.3,0.8,3,6.9,2.33,118,karsast01
295,Justin Kaye,26,1,0,0,,12,3,0,2,0,0,0,3,6,4,4,0,1,0,3,0,0,0,15,40,2.333,18,0,3,9,3,40,kayeju01
296,Randy Keisler*,26,2,2,2,0.5,7.19,14,11,0,0,0,0,61.1,68,50,49,13,42,0,42,0,0,0,288,64,1.793,10,1.9,6.2,6.2,1,64,keislra01
297,Kris Keller,24,1,0,0,,27,1,0,1,0,0,0,1,2,3,3,1,3,0,1,0,0,0,8,21,5,18,9,27,9,0.33,21,kellekr01
298,Joe Kennedy*,23,2,15,19,0.441,4.5,50,50,0,5,1,0,314.1,326,177,157,39,89,0,187,19,1,9,1338,99,1.32,9.3,1.1,2.5,5.4,2.1,99,kennejo04
299,Steve Kent*,23,1,0,2,0,5.65,34,0,10,0,0,1,57.1,67,41,36,6,38,0,41,3,3,2,272,79,1.831,10.5,0.9,6,6.4,1.08,79,kentst01
300,Jason Kershner*,25,1,0,1,0,4.88,25,0,4,0,0,1,24,20,16,13,3,14,1,18,2,0,3,107,83,1.417,7.5,1.1,5.3,6.8,1.29,83,kershja01
301,Masao Kida,33,2,1,0,1,6.42,51,0,21,0,0,1,67.1,78,51,48,7,30,3,50,4,0,7,305,77,1.604,10.4,0.9,4,6.7,1.67,77,kidama01
302,Darryl Kile,33,12,133,119,0.528,4.12,359,331,8,28,9,0,2165.1,2135,1099,992,214,918,41,1668,117,19,97,9429,104,1.41,8.9,0.9,3.8,6.9,1.82,104,kileda01
303,Byung-Hyun Kim,23,4,20,17,0.541,3.21,236,1,150,0,0,70,280,194,106,100,26,136,12,347,28,4,14,1176,145,1.179,6.2,0.8,4.4,11.2,2.55,145,kimby01
304,Sun-Woo Kim,24,2,3,2,0.6,5.24,39,7,14,0,0,0,91,106,53,53,6,35,7,56,6,0,7,409,86,1.549,10.5,0.6,3.5,5.5,1.6,86,kimsu01
305,Ray King*,28,4,6,8,0.429,3.11,204,0,42,0,0,1,159.1,139,61,55,13,69,14,123,5,1,4,668,138,1.305,7.9,0.7,3.9,6.9,1.78,138,kingra01
306,Matt Kinney,25,2,4,9,0.308,4.82,22,20,1,0,0,0,108.1,119,65,58,20,58,1,69,1,0,9,491,99,1.634,9.9,1.7,4.8,5.7,1.19,99,kinnema01
307,Steve Kline*,29,6,20,23,0.465,3.41,444,1,128,0,0,30,409.2,386,169,155,36,174,28,341,16,1,17,1757,130,1.367,8.5,0.8,3.8,7.5,1.96,130,klinest02
308,Brandon Knight,26,2,0,0,,10.71,11,0,7,0,0,0,19.1,29,24,23,7,8,0,14,0,0,1,93,43,1.914,13.5,3.3,3.7,6.5,1.75,43,knighbr01
309,Eric Knott*,27,1,0,1,0,1.93,3,1,0,0,0,0,4.2,8,9,1,0,0,0,4,2,0,0,25,259,1.714,15.4,0,0,7.7,,259,knotter01
310,Gary Knotts,25,2,3,2,0.6,4.66,30,1,7,0,0,0,36.2,28,19,19,7,17,0,30,3,0,1,155,88,1.227,6.9,1.7,4.2,7.4,1.76,88,knottga01
311,Billy Koch,27,4,22,17,0.564,3.48,277,0,245,0,0,144,305.1,275,131,118,25,127,22,265,15,0,11,1304,135,1.317,8.1,0.7,3.7,7.8,2.09,135,kochbi01
312,Danny Kolb,27,4,5,7,0.417,5.01,68,0,21,0,0,1,79,80,48,44,5,49,3,50,2,0,11,363,98,1.633,9.1,0.6,5.6,5.7,1.02,98,kolbda01
313,Satoru Komiyama,36,1,0,3,0,5.61,25,0,13,0,0,0,43.1,53,29,27,7,12,4,33,3,0,1,194,72,1.5,11,1.5,2.5,6.9,2.75,72,komiysa01
314,Mike Koplove,25,2,6,2,0.75,3.39,64,0,16,0,0,0,71.2,55,31,27,3,32,5,60,2,0,2,299,135,1.214,6.9,0.4,4,7.5,1.88,135,koplomi01
315,Ben Kozlowski*,21,1,0,0,,6.3,2,2,0,0,0,0,10,11,7,7,3,11,0,6,1,0,0,50,78,2.2,9.9,2.7,9.9,5.4,0.55,78,kozlobe01
316,Marc Kroon,29,3,0,2,0,7.84,20,0,7,0,0,0,20.2,22,19,18,2,16,0,20,2,1,3,101,55,1.839,9.6,0.9,7,8.7,1.25,55,kroonma01
317,John Lackey,23,1,9,4,0.692,3.66,18,18,0,1,0,0,108.1,113,52,44,10,33,0,69,4,2,7,465,121,1.348,9.4,0.8,2.7,5.7,2.09,121,lackejo01
318,Tim Laker,32,1,0,0,,0,1,0,1,0,0,0,1,1,0,0,0,1,0,1,0,0,0,5,,2,9,0,9,9,1,,lakerti01
319,Brian Lawrence,26,2,17,17,0.5,3.6,62,46,5,3,2,0,324.2,337,150,130,26,86,11,233,16,1,3,1378,106,1.303,9.3,0.7,2.4,6.5,2.71,106,lawrebr02
320,Cliff Lee*,23,1,0,1,0,1.74,2,2,0,0,0,0,10.1,6,2,2,0,8,1,6,0,1,0,44,260,1.355,5.2,0,7,5.2,0.75,260,leecl02
321,David Lee,29,3,4,2,0.667,4.09,84,0,25,0,0,1,103.1,105,50,47,13,62,2,86,11,2,4,469,122,1.616,9.1,1.1,5.4,7.5,1.39,122,leeda01
322,Al Leiter*,36,16,130,103,0.558,3.66,326,296,7,15,9,2,1894.1,1684,850,771,154,874,32,1621,85,18,55,8116,117,1.35,8,0.7,4.2,7.7,1.85,117,leiteal01
323,Curt Leskanic,34,9,42,29,0.592,4.48,499,11,207,0,0,49,616.2,593,323,307,70,303,19,554,15,6,41,2690,114,1.453,8.7,1,4.4,8.1,1.83,114,leskacu01
324,Al Levine,34,7,18,23,0.439,3.91,288,7,88,0,0,9,423.1,431,210,184,49,179,17,212,12,0,19,1846,121,1.441,9.2,1,3.8,4.5,1.18,121,levinal01
325,Allen Levrault,24,2,6,11,0.353,5.93,37,21,2,1,0,0,142.2,156,100,94,27,66,7,89,7,1,2,644,73,1.556,9.8,1.7,4.2,5.6,1.35,73,levraal01
326,Colby Lewis,22,1,1,3,0.25,6.29,15,4,4,0,0,0,34.1,42,26,24,4,26,2,28,2,1,3,168,76,1.981,11,1,6.8,7.3,1.08,76,lewisco01
327,Brad Lidge,25,1,1,0,1,6.23,6,1,2,0,0,0,8.2,12,6,6,0,9,1,12,2,0,0,48,72,2.423,12.5,0,9.3,12.5,1.33,72,lidgebr01
328,Cory Lidle,30,5,33,24,0.579,3.96,150,73,26,3,2,2,563.1,569,277,248,60,137,17,349,22,1,19,2351,112,1.253,9.1,1,2.2,5.6,2.55,112,lidleco01
329,Jon Lieber,32,9,86,83,0.509,4.18,272,225,10,21,3,2,1510.1,1603,788,702,188,311,32,1121,31,12,16,6379,104,1.267,9.6,1.1,1.9,6.7,3.6,104,liebejo01
330,Kerry Ligtenberg,31,5,12,12,0.5,3.04,254,0,133,0,0,44,266.2,208,95,90,27,115,19,256,0,1,7,1103,143,1.211,7,0.9,3.9,8.6,2.23,143,ligteke01
331,Ted Lilly*,26,4,10,14,0.417,4.92,64,40,5,2,1,0,252.1,244,150,138,43,96,4,228,16,4,17,1099,91,1.347,8.7,1.5,3.4,8.1,2.38,91,lillyte01
332,Jose Lima,29,9,63,74,0.46,5.14,262,161,37,8,1,5,1138,1281,689,650,193,262,20,763,36,0,32,4896,88,1.356,10.1,1.5,2.1,6,2.91,88,limajo01
333,Mike Lincoln,27,4,7,18,0.28,5.15,112,19,15,0,0,0,209.2,252,128,120,31,77,8,116,7,0,9,939,92,1.569,10.8,1.3,3.3,5,1.51,92,lincomi01
334,Scott Linebrink,25,3,0,0,,5.79,42,0,10,0,0,0,46.2,55,33,30,6,27,4,39,6,0,1,227,80,1.757,10.6,1.2,5.2,7.5,1.44,80,linebsc01
335,Doug Linton,37,6,17,20,0.459,5.86,105,35,16,0,0,0,296.1,353,207,193,48,121,7,199,13,1,13,1349,79,1.6,10.7,1.5,3.7,6,1.64,79,lintodo01
336,Graeme Lloyd*,35,9,29,32,0.475,3.91,516,0,159,0,0,17,485.1,492,240,211,49,147,34,279,22,0,22,2070,119,1.317,9.1,0.9,2.7,5.2,1.9,119,lloydgr01
337,Esteban Loaiza,30,8,69,73,0.486,4.88,235,202,10,9,4,1,1253.2,1470,745,680,161,357,25,758,50,7,17,5495,95,1.457,10.6,1.2,2.6,5.4,2.12,95,loaizes01
338,Carlton Loewer,28,3,9,16,0.36,6.06,43,36,2,3,1,0,216.2,267,152,146,29,68,1,107,3,0,7,963,75,1.546,11.1,1.2,2.8,4.4,1.57,75,loeweca01
339,Kyle Lohse,23,2,17,15,0.531,4.72,51,47,2,1,1,0,271,283,152,142,42,99,2,188,17,0,13,1185,95,1.41,9.4,1.4,3.3,6.2,1.9,95,lohseky01
340,Braden Looper,27,5,13,13,0.5,3.71,298,0,109,0,0,18,310.2,308,147,128,27,126,18,190,9,2,9,1341,114,1.397,8.9,0.8,3.7,5.5,1.51,114,loopebr01
341,Albie Lopez,30,10,43,56,0.434,4.73,282,92,60,8,5,4,818.2,897,479,430,105,326,27,543,18,2,31,3588,99,1.494,9.9,1.2,3.6,6,1.67,99,lopezal02
342,Rodrigo Lopez,26,2,15,12,0.556,4.15,39,34,0,1,0,0,221.1,212,107,102,28,75,4,153,5,1,2,929,104,1.297,8.6,1.1,3,6.2,2.04,104,lopezro02
343,Mark Loretta,30,1,0,0,,0,1,0,1,0,0,0,1,1,0,0,0,1,0,2,0,0,0,5,,2,9,0,9,18,2,,loretma01
344,Andrew Lorraine*,29,7,6,11,0.353,6.53,59,26,10,2,1,0,175,218,138,127,31,83,4,113,2,1,4,814,70,1.72,11.2,1.6,4.3,5.8,1.36,70,lorraan01
345,Shane Loux,22,1,0,3,0,9,3,3,0,0,0,0,14,19,16,14,4,3,0,7,1,0,1,64,48,1.571,12.2,2.6,1.9,4.5,2.33,48,louxsh01
346,Derek Lowe,29,6,41,40,0.506,3.31,330,54,155,1,1,85,704,643,280,259,48,189,23,497,31,1,22,2898,143,1.182,8.2,0.6,2.4,6.4,2.63,143,lowede01
347,Sean Lowe,31,6,22,14,0.611,4.8,220,22,41,0,0,3,395.1,430,229,211,44,173,12,260,25,1,14,1759,98,1.525,9.8,1,3.9,5.9,1.5,98,lowese01
348,Mark Lukasiewicz*,29,2,2,2,0.5,5.2,41,0,15,0,0,0,36.1,38,23,21,6,18,2,40,2,0,2,165,87,1.541,9.4,1.5,4.5,9.9,2.22,87,lukasma01
349,David Lundquist,29,3,1,2,0.333,7.92,37,0,18,0,0,0,44.1,56,39,39,4,24,3,37,3,1,2,211,57,1.805,11.4,0.8,4.9,7.5,1.54,57,lundqda01
350,Brandon Lyon,22,2,6,8,0.429,5.4,26,21,0,0,0,0,125,141,78,75,20,34,2,65,3,1,2,540,85,1.4,10.2,1.4,2.4,4.7,1.91,85,lyonbr01
351,Mike MacDougal,25,2,1,2,0.333,4.81,9,3,1,0,0,0,24.1,23,15,13,2,11,1,17,1,0,4,105,104,1.397,8.5,0.7,4.1,6.3,1.55,104,macdomi01
352,Greg Maddux,36,17,273,152,0.642,2.83,539,535,3,102,34,0,3750.1,3400,1348,1179,210,805,147,2641,101,26,50,15216,146,1.121,8.2,0.5,1.9,6.3,3.28,146,maddugr01
353,Calvin Maduro,27,5,10,19,0.345,5.78,68,39,11,0,0,0,260,272,171,167,43,118,7,140,12,2,10,1145,75,1.5,9.4,1.5,4.1,4.8,1.19,75,madurca01
354,Mike Magnante*,37,12,26,32,0.448,4.08,484,19,122,0,0,3,617.2,666,317,280,45,234,33,347,20,4,26,2696,110,1.457,9.7,0.7,3.4,5.1,1.48,110,magnami01
355,Ron Mahay*,31,6,9,2,0.818,4.53,114,3,27,0,0,2,147,137,82,74,27,77,3,121,2,0,11,643,100,1.456,8.4,1.7,4.7,7.4,1.57,100,mahayro01
356,Pat Mahomes,31,10,42,38,0.525,5.49,299,62,73,0,0,5,686.2,719,448,419,114,380,24,439,11,1,28,3066,84,1.6,9.4,1.5,5,5.8,1.16,84,mahompa01
357,Oswaldo Mairena*,26,2,2,3,0.4,6.06,33,0,11,0,0,0,35.2,45,25,24,8,14,0,21,0,1,3,162,68,1.654,11.4,2,3.5,5.3,1.5,68,maireos01
358,Brian Mallette,27,1,0,0,,10.8,5,0,2,0,0,0,5,7,6,6,3,3,1,5,1,0,1,26,41,2,12.6,5.4,5.4,9,1.67,41,mallebr01
359,Jim Mann,27,3,0,1,0,4.5,23,0,15,0,0,0,30,28,15,15,4,12,1,24,7,0,0,132,101,1.333,8.4,1.2,3.6,7.2,2,101,mannji01
360,Matt Mantei,28,7,8,11,0.421,3.78,219,0,138,0,0,60,230.2,172,102,97,18,152,6,293,16,0,13,1014,117,1.405,6.7,0.7,5.9,11.4,1.93,117,mantema01
361,Josias Manzanillo,34,9,10,10,0.5,4.27,232,1,75,0,0,5,299,271,154,142,33,134,18,261,15,0,16,1292,105,1.355,8.2,1,4,7.9,1.95,105,manzajo01
362,Mike Maroth*,24,1,6,10,0.375,4.48,21,21,0,0,0,0,128.2,136,68,64,7,36,1,58,2,0,4,538,95,1.337,9.5,0.5,2.5,4.1,1.61,95,marotmi01
363,Jason Marquis,23,3,14,15,0.483,4.28,75,38,16,0,0,0,267,263,144,127,37,120,8,199,8,2,6,1166,102,1.434,8.9,1.2,4,6.7,1.66,102,marquja01
364,Damaso Marte*,27,3,1,3,0.25,4.02,96,0,28,0,0,10,105.1,94,49,47,13,36,5,114,7,1,4,441,115,1.234,8,1.1,3.1,9.7,3.17,115,marteda01
365,Tom Martin*,32,6,8,5,0.615,5.45,122,0,30,0,0,2,132,154,84,80,14,64,7,87,3,0,6,604,82,1.652,10.5,1,4.4,5.9,1.36,82,martito02
366,Pedro Martinez,30,11,152,63,0.707,2.62,326,259,23,38,15,3,1892.1,1406,615,551,142,507,21,2220,90,4,46,7537,172,1.011,6.7,0.7,2.4,10.6,4.38,172,martipe02
367,Julio Mateo,24,1,0,0,,4.29,12,0,7,0,0,0,21,20,10,10,2,12,0,15,1,0,1,94,101,1.524,8.6,0.9,5.1,6.4,1.25,101,mateoju01
368,T.J. Mathews,32,8,32,26,0.552,3.82,362,0,121,0,0,16,435.1,406,210,185,49,164,27,357,12,0,10,1868,116,1.309,8.4,1,3.4,7.4,2.18,116,mathet.01
369,Mike Matthews*,28,3,5,5,0.5,4,112,10,21,0,0,1,144,132,67,64,18,72,9,114,7,2,9,627,107,1.417,8.3,1.1,4.5,7.1,1.58,107,matthmi01
370,Dave Maurer*,27,3,1,1,0.5,6,19,0,4,0,0,0,21,26,16,14,4,9,1,17,2,0,2,98,74,1.667,11.1,1.7,3.9,7.3,1.89,74,maureda01
371,Darrell May*,30,4,6,12,0.333,5.67,71,25,13,2,1,0,198.1,228,132,125,40,81,5,144,2,0,4,894,86,1.558,10.3,1.8,3.7,6.5,1.78,86,mayda02
372,Joe Mays,26,4,34,47,0.42,4.38,131,99,9,9,5,0,660.1,690,344,321,83,223,5,378,11,0,34,2844,110,1.383,9.4,1.1,3,5.2,1.7,110,maysjo01
373,Brian Meadows,26,5,37,50,0.425,5.3,116,115,0,3,0,0,662,805,412,390,102,193,24,291,18,2,15,2919,82,1.508,10.9,1.4,2.6,4,1.51,82,meadobr01
374,Gil Meche,23,2,12,8,0.6,4.25,31,30,0,1,1,0,171.1,148,85,81,16,97,1,107,3,0,3,738,113,1.43,7.8,0.8,5.1,5.6,1.1,113,mechegi01
375,Jim Mecir,32,8,26,23,0.531,3.7,316,0,89,0,0,9,399,358,177,164,30,173,23,342,13,1,17,1702,126,1.331,8.1,0.7,3.9,7.7,1.98,126,mecirji01
376,Ramiro Mendoza,30,7,54,34,0.614,4.08,277,57,55,2,2,16,698.2,766,347,317,68,154,18,413,29,2,12,2987,112,1.317,9.9,0.9,2,5.3,2.68,112,mendora01
377,Frank Menechino,31,1,0,0,,36,1,0,1,0,0,0,1,6,4,4,1,0,0,0,0,0,0,8,17,6,54,9,0,0,,17,menecfr01
378,Hector Mercado*,28,3,5,4,0.556,4.33,99,3,21,0,0,0,106,99,55,51,10,63,3,112,3,1,9,473,101,1.528,8.4,0.8,5.3,9.5,1.78,101,mercahe01
379,Jose Mercedes,31,7,33,39,0.458,4.82,140,79,18,5,1,0,575.2,611,333,308,75,218,8,307,21,4,12,2499,95,1.44,9.6,1.2,3.4,4.8,1.41,95,mercejo02
380,Kent Mercker*,34,13,66,62,0.516,4.38,424,150,100,2,1,19,1113.1,1117,598,542,129,510,35,750,26,12,44,4881,99,1.461,9,1,4.1,6.1,1.47,99,merckke01
381,Jose Mesa,36,14,65,84,0.436,4.22,701,95,426,6,2,225,1241.2,1293,631,582,113,513,41,851,43,4,62,5435,103,1.454,9.4,0.8,3.7,6.2,1.66,103,mesajo01
382,Bart Miadich,26,1,0,0,,4.5,11,0,4,0,0,0,10,6,5,5,2,8,0,11,0,0,1,41,103,1.4,5.4,1.8,7.2,9.9,1.38,103,miadiba01
383,Dan Miceli,31,10,33,38,0.465,4.78,448,9,177,0,0,32,502.1,507,293,267,65,225,29,454,14,3,32,2211,91,1.457,9.1,1.2,4,8.1,2.02,91,micelda01
384,Chris Michalak*,31,3,8,11,0.421,4.66,53,18,10,0,0,1,156.1,186,88,81,21,69,7,77,14,6,2,710,99,1.631,10.7,1.2,4,4.4,1.12,99,michach01
385,Jason Middlebrook,27,2,4,4,0.5,4.84,19,8,5,0,0,0,70.2,62,38,38,8,32,3,52,2,1,2,301,81,1.33,7.9,1,4.1,6.6,1.63,81,middlja01
386,Justin Miller,24,1,9,5,0.643,5.54,25,18,2,0,0,0,102.1,103,70,63,12,66,2,68,11,0,6,469,83,1.651,9.1,1.1,5.8,6,1.03,83,milleju01
387,Matt Miller*,27,2,0,0,,7.84,15,0,5,0,0,0,10.1,20,10,9,1,5,0,7,1,0,1,56,58,2.419,17.4,0.9,4.4,6.1,1.4,58,millema01
388,Travis Miller*,29,7,7,18,0.28,5.05,203,14,44,0,0,1,267.1,331,174,150,27,113,11,199,3,0,16,1222,97,1.661,11.1,0.9,3.8,6.7,1.76,97,milletr01
389,Trever Miller*,29,4,5,6,0.455,5.43,105,5,28,0,0,2,136,170,89,82,16,70,3,86,10,0,6,645,83,1.765,11.3,1.1,4.6,5.7,1.23,83,milletr02
390,Wade Miller,25,4,37,19,0.661,3.86,79,75,2,4,1,0,492,455,231,211,63,185,13,424,13,0,13,2066,119,1.301,8.3,1.2,3.4,7.8,2.29,119,millewa04
391,Kevin Millwood,27,6,75,46,0.62,3.73,168,160,3,6,2,0,1004.1,918,456,416,105,303,21,840,21,2,25,4194,117,1.216,8.2,0.9,2.7,7.5,2.77,117,millwke01
392,Eric Milton*,26,5,56,51,0.523,4.8,163,162,0,10,4,0,970.1,985,552,517,147,268,2,708,20,0,14,4130,100,1.291,9.1,1.4,2.5,6.6,2.64,100,miltoer01
393,Dave Mlicki,34,10,66,80,0.452,4.72,262,193,20,6,2,1,1232.2,1337,709,646,171,472,32,834,58,2,46,5468,92,1.468,9.8,1.2,3.4,6.1,1.77,92,mlickda01
394,Brian Moehler,30,7,50,56,0.472,4.52,141,140,0,10,6,0,852.1,964,467,428,106,238,8,464,17,1,14,3676,104,1.41,10.2,1.1,2.5,4.9,1.95,104,moehlbr01
395,Gabe Molina,27,3,2,2,0.5,6.2,43,0,14,0,0,0,49.1,56,39,34,8,32,1,27,1,0,4,230,75,1.784,10.2,1.5,5.8,4.9,0.84,75,molinga01
396,Juan Moreno*,27,2,3,3,0.5,4.37,49,0,7,0,0,0,47.1,28,27,23,7,38,3,39,0,3,5,207,105,1.394,5.3,1.3,7.2,7.4,1.03,105,morenju02
397,Orber Moreno,25,1,0,0,,5.63,7,0,3,0,0,0,8,4,5,5,1,6,0,7,0,0,0,34,92,1.25,4.5,1.1,6.8,7.9,1.17,92,morenor01
398,Mike Morgan,42,22,141,186,0.431,4.23,597,411,56,46,10,8,2772.1,2943,1431,1303,270,938,77,1403,73,5,105,11872,97,1.4,9.6,0.9,3,4.6,1.5,97,morgami01
399,Matt Morris,27,5,61,34,0.642,3.18,147,116,12,8,3,4,810.1,790,319,286,52,246,15,618,31,4,16,3393,133,1.278,8.8,0.6,2.7,6.9,2.51,133,morrima01
400,Damian Moss*,25,2,12,6,0.667,3.4,38,30,4,0,0,0,188,143,83,71,21,98,5,119,6,2,14,784,123,1.282,6.8,1,4.7,5.7,1.21,123,mossda01
401,Guillermo Mota,28,4,5,11,0.313,4.37,176,0,48,0,0,0,195.2,177,105,95,21,82,10,131,7,2,6,837,99,1.324,8.1,1,3.8,6,1.6,99,motagu01
402,Jamie Moyer*,39,16,164,125,0.567,4.14,439,387,13,25,8,0,2522.2,2586,1259,1160,295,714,46,1528,80,10,44,10688,107,1.308,9.2,1.1,2.5,5.5,2.14,107,moyerja01
403,Mark Mulder*,24,3,49,25,0.662,3.98,91,91,0,8,5,0,590.2,587,286,261,59,175,10,400,20,1,17,2494,112,1.29,8.9,0.9,2.7,6.1,2.29,112,muldema01
404,Terry Mulholland*,39,16,116,127,0.477,4.34,547,314,79,46,10,5,2291.1,2485,1227,1106,252,593,52,1204,57,2,58,9803,94,1.343,9.8,1,2.3,4.7,2.03,94,mulhote01
405,Scott Mullen*,27,3,4,5,0.444,3.58,72,0,17,0,0,0,60.1,63,27,24,7,25,2,31,2,0,1,267,140,1.459,9.4,1,3.7,4.6,1.24,140,mullesc01
406,Peter Munro,27,3,6,8,0.429,4.79,59,19,11,0,0,0,161.2,197,97,86,12,62,3,99,8,0,6,724,97,1.602,11,0.7,3.5,5.5,1.6,97,munrope01
407,Heath Murray*,29,4,2,15,0.118,6.41,88,15,14,0,0,0,158.2,204,116,113,24,94,12,94,10,2,4,752,66,1.878,11.6,1.4,5.3,5.3,1,66,murrahe01
408,Mike Mussina,33,12,182,102,0.641,3.54,355,355,0,51,20,0,2454,2305,1026,966,257,557,18,1931,31,1,52,9996,129,1.166,8.5,0.9,2,7.1,3.47,129,mussimi01
409,Brett Myers,21,1,4,5,0.444,4.25,12,12,0,1,0,0,72,73,38,34,11,29,1,34,6,1,2,307,92,1.417,9.1,1.4,3.6,4.3,1.17,92,myersbr01
410,Mike Myers*,33,8,12,19,0.387,4.23,545,0,132,0,0,14,340.1,324,172,160,37,166,22,306,28,1,6,1493,116,1.44,8.6,1,4.4,8.1,1.84,116,myersmi01
411,Rodney Myers,33,7,7,5,0.583,5.08,162,1,39,0,0,1,228.2,254,144,129,27,106,6,155,12,1,12,1022,84,1.574,10,1.1,4.2,6.1,1.46,84,myersro01
412,Aaron Myette,24,4,6,12,0.333,7.88,40,30,4,0,0,0,147.1,175,133,129,25,96,1,127,19,0,9,717,60,1.839,10.7,1.5,5.9,7.8,1.32,60,myettaa01
413,Charles Nagy,35,13,129,103,0.556,4.51,313,297,9,31,6,0,1942.1,2173,1054,974,217,583,37,1235,51,4,45,8402,101,1.419,10.1,1,2.7,5.7,2.12,101,nagych01
414,Shane Nance*,24,1,0,0,,4.26,4,0,0,0,0,0,6.1,4,3,3,1,4,0,5,0,0,0,27,101,1.263,5.7,1.4,5.7,7.1,1.25,101,nancesh01
415,Joe Nathan,27,3,12,6,0.667,4.61,43,29,5,0,0,1,187.1,174,108,96,29,109,4,117,5,0,7,833,93,1.511,8.4,1.4,5.2,5.6,1.07,93,nathajo01
416,Denny Neagle*,33,12,122,88,0.581,4.17,385,279,23,20,7,3,1855,1840,917,860,238,582,44,1394,52,6,46,7870,107,1.306,8.9,1.2,2.8,6.8,2.4,107,neaglde01
417,Blaine Neal,24,2,3,0,1,3.29,36,0,6,0,0,0,38.1,39,16,14,1,19,2,36,0,0,5,172,125,1.513,9.2,0.2,4.5,8.5,1.89,125,nealbl01
418,Jeff Nelson,35,11,42,37,0.532,3.28,644,0,182,0,0,23,666.1,530,270,243,44,358,55,703,56,1,30,2878,138,1.333,7.2,0.6,4.8,9.5,1.96,138,nelsoje01
419,Joe Nelson,27,1,0,0,,36,2,0,0,0,0,0,2,7,9,8,1,2,0,0,1,0,0,16,14,4.5,31.5,4.5,9,0,0,14,nelsojo01
420,Robb Nen,32,10,45,42,0.517,2.98,643,4,549,0,0,314,715,607,266,237,51,260,41,793,7,3,36,2983,139,1.213,7.6,0.6,3.3,10,3.05,139,nenro01
421,Nick Neugebauer,21,2,2,8,0.2,4.99,14,14,0,0,0,0,61.1,62,38,34,11,50,3,58,0,2,5,290,83,1.826,9.1,1.6,7.3,8.5,1.16,83,neugeni01
422,Chris Nichting,36,4,1,4,0.2,5.22,92,0,20,0,0,1,112,144,71,65,16,31,3,78,4,0,7,508,93,1.563,11.6,1.3,2.5,6.3,2.52,93,nichtch01
423,Doug Nickle,27,3,1,0,1,7.84,20,0,11,0,0,0,20.2,32,20,18,3,15,0,10,2,0,0,112,54,2.274,13.9,1.3,6.5,4.4,0.67,54,nickldo01
424,C.J. Nitkowski*,29,7,16,31,0.34,5.28,282,44,41,0,0,3,433,457,285,254,53,237,20,314,30,7,15,1972,88,1.603,9.5,1.1,4.9,6.5,1.32,88,nitkoc.01
425,Hideo Nomo,33,8,98,77,0.56,3.96,250,248,0,14,7,0,1569,1351,743,690,189,713,22,1625,31,17,91,6673,104,1.315,7.7,1.1,4.1,9.3,2.28,104,nomohi01
426,Takahito Nomura*,33,1,0,0,,8.56,21,0,2,0,0,0,13.2,11,14,13,2,18,4,9,2,1,2,71,49,2.122,7.2,1.3,11.9,5.9,0.5,49,nomurta01
427,Phil Norton*,26,1,0,1,0,9.35,2,2,0,0,0,0,8.2,14,10,9,5,7,0,6,0,0,0,47,51,2.423,14.5,5.2,7.3,6.2,0.86,51,nortoph01
428,Jose Nunez*,23,2,4,2,0.667,4.5,63,0,11,0,0,0,60,62,35,30,7,26,3,60,4,0,5,269,90,1.467,9.3,1.1,3.9,9,2.31,90,nunezjo02
429,Vladimir Núñez,27,5,17,26,0.395,4.35,194,27,73,0,0,21,372,349,203,180,40,157,14,270,11,3,16,1594,98,1.36,8.4,1,3.8,6.5,1.72,98,nunezvl01
430,Wes Obermueller,25,1,0,2,0,11.74,2,2,0,0,0,0,7.2,14,10,10,3,2,0,5,0,0,0,39,44,2.087,16.4,3.5,2.3,5.9,2.5,44,obermwe01
431,Tomo Ohka,26,4,20,25,0.444,3.91,75,66,6,2,0,0,382,419,190,166,43,106,7,234,12,2,7,1637,115,1.374,9.9,1,2.5,5.5,2.21,115,ohkato01
432,Will Ohman*,24,2,1,1,0.5,7.8,17,0,2,0,0,0,15,18,13,13,2,10,1,14,0,0,3,71,57,1.867,10.8,1.2,6,8.4,1.4,57,ohmanwi01
433,Darren Oliver*,31,10,71,65,0.522,5.02,246,186,12,10,4,2,1154,1303,703,644,137,500,21,700,65,12,44,5172,96,1.562,10.2,1.1,3.9,5.5,1.4,96,oliveda02
434,Kevin Olsen,25,2,0,5,0,3.82,21,10,3,0,0,0,70.2,68,33,30,5,33,2,51,1,1,3,306,107,1.429,8.7,0.6,4.2,6.5,1.55,107,olsenke01
435,Eddie Oropesa*,30,2,3,0,1,7.92,62,0,9,0,0,0,44.1,55,40,39,7,32,6,33,2,1,2,219,56,1.962,11.2,1.4,6.5,6.7,1.03,56,oropeed01
436,Jesse Orosco*,45,23,85,78,0.521,3.04,1187,4,488,0,0,142,1261.1,1014,481,426,109,560,83,1150,31,11,33,5294,131,1.248,7.2,0.8,4,8.2,2.05,131,oroscje01
437,Ramon Ortiz,29,4,38,29,0.567,4.46,91,91,0,8,1,0,585.2,557,315,290,90,224,6,414,21,9,23,2502,103,1.334,8.6,1.4,3.4,6.4,1.85,103,ortizra02
438,Russ Ortiz,28,5,67,44,0.604,4.01,154,144,3,6,1,0,924.2,849,456,412,91,468,15,712,21,1,37,4009,102,1.424,8.3,0.9,4.6,6.9,1.52,102,ortizru01
439,Donovan Osborne*,33,8,47,46,0.505,3.96,154,138,3,4,2,0,856,870,426,377,97,241,19,548,16,1,19,3612,101,1.298,9.1,1,2.5,5.8,2.27,101,osbordo01
440,Jimmy Osting*,25,2,0,2,0,6.43,6,3,1,0,0,0,14,19,11,10,3,12,1,10,0,0,0,73,67,2.214,12.2,1.9,7.7,6.4,0.83,67,ostinji01
441,Antonio Osuna,29,8,32,23,0.582,3.56,328,0,117,0,0,21,399,333,173,158,36,171,23,418,14,5,9,1679,115,1.263,7.5,0.8,3.9,9.4,2.44,115,osunaan01
442,Roy Oswalt,24,2,33,12,0.733,2.91,63,54,4,3,1,0,374.2,341,134,121,30,86,6,352,11,0,3,1531,153,1.14,8.2,0.7,2.1,8.5,4.09,153,oswalro01
443,Vicente Padilla,24,4,21,20,0.512,3.59,115,32,23,1,1,2,308,313,139,123,21,96,12,208,16,2,8,1316,115,1.328,9.1,0.6,2.8,6.1,2.17,115,padilvi01
444,Lance Painter*,34,9,25,17,0.595,5.23,292,28,55,1,0,3,432,479,266,251,63,171,14,320,15,2,20,1906,93,1.505,10,1.3,3.6,6.7,1.87,93,paintla01
445,Jose Paniagua,28,7,18,21,0.462,4.39,269,14,83,0,0,13,356.2,351,186,174,40,187,11,276,31,3,20,1587,103,1.508,8.9,1,4.7,7,1.48,103,paniajo01
446,Chan Ho Park,29,9,89,62,0.589,4.01,246,201,9,9,2,0,1329.1,1155,641,593,144,638,16,1219,87,11,50,5747,104,1.349,7.8,1,4.3,8.3,1.91,104,parkch01
447,Chad Paronto,26,2,1,5,0.167,4.45,53,0,20,0,0,0,62.2,67,43,31,8,22,1,39,3,0,3,282,99,1.42,9.6,1.1,3.2,5.6,1.77,99,paronch01
448,Jim Parque*,27,5,30,33,0.476,5.21,98,92,0,2,0,0,527,623,343,305,76,225,4,327,30,10,5,2397,93,1.609,10.6,1.3,3.8,5.6,1.45,93,parquji01
449,Jose Parra,29,4,6,12,0.333,6.33,69,19,11,0,0,0,167.2,211,129,118,31,73,3,103,8,2,8,779,77,1.694,11.3,1.7,3.9,5.5,1.41,77,parrajo01
450,Steve Parris,34,7,44,46,0.489,4.67,129,122,3,5,3,0,709.2,786,393,368,102,275,22,465,27,2,25,3129,98,1.495,10,1.3,3.5,5.9,1.69,98,parrist01
451,John Parrish*,24,2,3,6,0.333,6.79,24,9,7,0,0,0,58.1,62,49,44,11,52,1,48,4,0,2,287,68,1.954,9.6,1.7,8,7.4,0.92,68,parrijo01
452,Danny Patterson,31,7,24,18,0.571,4.07,294,0,90,0,0,4,325,359,157,147,27,92,17,207,10,1,15,1385,117,1.388,9.9,0.7,2.5,5.7,2.25,117,patteda04
453,John Patterson,24,1,2,0,1,3.23,7,5,1,0,0,0,30.2,27,11,11,7,7,0,31,1,0,2,123,142,1.109,7.9,2.1,2.1,9.1,4.43,142,pattejo02
454,Carl Pavano,26,5,27,37,0.422,4.71,103,86,2,1,1,0,514.1,569,297,269,60,173,12,345,32,7,6,2263,93,1.443,10,1,3,6,1.99,93,pavanca01
455,Josh Pearce,24,1,0,0,,7.62,3,3,0,0,0,0,13,20,13,11,1,8,0,1,1,0,0,66,54,2.154,13.8,0.7,5.5,0.7,0.13,54,pearcjo01
456,Jason Pearson*,26,1,0,0,,0,2,0,1,0,0,0,1.2,1,0,0,0,0,0,3,0,0,0,6,,0.6,5.4,0,0,16.2,,,pearsja01
457,Terry Pearson,30,1,0,0,,10.5,4,0,3,0,0,0,6,8,7,7,2,2,1,4,0,0,0,27,43,1.667,12,3,3,6,2,43,pearste01
458,Jake Peavy,21,1,6,7,0.462,4.52,17,17,0,0,0,0,97.2,106,54,49,11,33,4,90,3,1,4,430,83,1.423,9.8,1,3,8.3,2.73,83,peavyja01
459,Dave Pember,24,1,0,1,0,5.19,4,1,1,0,0,0,8.2,7,6,5,1,6,0,5,0,0,1,40,82,1.5,7.3,1,6.2,5.2,0.83,82,pembeda01
460,Brad Penny,24,3,26,24,0.52,4.26,78,77,0,2,2,0,454,451,238,215,46,164,14,327,13,1,10,1936,99,1.355,8.9,0.9,3.3,6.5,1.99,99,pennybr01
461,Troy Percival,32,8,27,30,0.474,2.95,475,0,369,0,0,250,487.2,317,172,160,49,211,18,599,17,2,23,1995,161,1.083,5.9,0.9,3.9,11.1,2.84,161,percitr01
462,Odalis Perez*,24,4,26,25,0.51,4.12,84,65,1,4,2,0,421.1,400,201,193,41,134,7,313,6,9,9,1756,100,1.267,8.5,0.9,2.9,6.7,2.34,100,perezod01
463,Oliver Perez*,20,1,4,5,0.444,3.5,16,15,0,0,0,0,90,71,37,35,13,48,1,94,5,0,3,387,107,1.322,7.1,1.3,4.8,9.4,1.96,107,perezol01
464,Tomas Perez,28,1,0,0,,0,1,0,1,0,0,0,0.1,0,0,0,0,0,0,0,0,0,0,2,,0,0,0,0,0,,,perezto03
465,Yorkis Perez*,34,9,14,15,0.483,4.44,337,0,66,0,0,2,282,251,152,139,29,147,15,259,4,1,27,1244,99,1.411,8,0.9,4.7,8.3,1.76,99,perezyo01
466,Matt Perisho*,27,6,4,14,0.222,7.07,86,28,15,0,0,0,215,288,193,169,35,125,5,150,15,2,10,1048,68,1.921,12.1,1.5,5.2,6.3,1.2,68,perisma01
467,Robert Person,32,8,51,42,0.548,4.6,199,135,23,4,2,8,885.2,802,486,453,129,430,12,763,34,3,37,3841,96,1.391,8.1,1.3,4.4,7.8,1.77,96,persoro01
468,Andy Pettitte*,30,8,128,70,0.646,3.93,250,243,2,22,3,0,1584.1,1674,764,692,122,529,18,1095,30,9,35,6774,118,1.39,9.5,0.7,3,6.2,2.07,118,pettian01
469,Adam Pettyjohn*,25,1,1,6,0.143,5.82,16,9,1,0,0,0,65,81,48,42,10,21,2,40,4,0,2,293,74,1.569,11.2,1.4,2.9,5.5,1.9,74,pettyad01
470,Travis Phelps,24,2,3,4,0.429,3.97,75,0,24,0,0,5,99.2,83,50,44,13,51,1,90,8,3,8,437,112,1.344,7.5,1.2,4.6,8.1,1.76,112,phelptr01
471,Jason Phillips,28,2,1,3,0.25,5.92,14,6,0,0,0,0,48.2,52,33,32,9,26,1,30,4,1,2,222,76,1.603,9.6,1.7,4.8,5.5,1.15,76,phillja03
472,Hipolito Pichardo,32,10,50,44,0.532,4.44,350,68,103,3,1,20,769.2,838,425,380,54,287,36,394,35,6,29,3377,105,1.462,9.8,0.6,3.4,4.6,1.37,105,pichahi01
473,Kevin Pickford*,27,1,0,2,0,6,16,4,3,0,0,0,30,37,23,20,3,20,1,18,3,0,1,144,63,1.9,11.1,0.9,6,5.4,0.9,63,pickfke01
474,Luis Pineda,27,2,1,4,0.2,4.44,42,2,13,0,0,0,50.2,41,26,25,6,38,3,44,2,0,4,226,98,1.559,7.3,1.1,6.8,7.8,1.16,98,pinedlu01
475,Joel Pineiro,23,3,21,9,0.7,3.08,62,40,10,2,1,0,289,264,112,99,29,88,1,202,10,0,10,1195,138,1.218,8.2,0.9,2.7,6.3,2.3,138,pineijo01
476,Dan Plesac*,40,17,63,70,0.474,3.67,1006,14,413,0,0,156,1038.2,948,466,423,102,391,53,1004,16,10,40,4398,116,1.289,8.2,0.9,3.4,8.7,2.57,116,plesada01
477,Cliff Politte,28,5,12,12,0.5,4.26,124,16,28,0,0,1,213.1,200,111,101,23,96,6,182,4,1,10,921,106,1.388,8.4,1,4.1,7.7,1.9,106,politcl01
478,Sidney Ponson,25,5,41,53,0.436,4.74,146,135,5,18,2,1,881.1,940,492,464,131,305,5,553,13,1,18,3779,95,1.413,9.6,1.3,3.1,5.6,1.81,95,ponsosi01
479,Mike Porzio*,29,2,2,2,0.5,5.77,48,0,11,0,0,0,57.2,61,39,37,15,33,2,43,3,1,3,265,85,1.63,9.5,2.3,5.2,6.7,1.3,85,porzimi01
480,Lou Pote,30,4,4,4,0.5,3.49,127,2,50,0,0,6,216.2,196,93,84,23,87,9,162,6,0,10,918,134,1.306,8.1,1,3.6,6.7,1.86,134,potelo01
481,Brian Powell,28,4,6,15,0.286,5.94,41,31,3,0,0,0,175.2,204,128,116,37,73,2,93,4,0,5,794,78,1.577,10.5,1.9,3.7,4.8,1.27,78,powelbr01
482,Jay Powell,30,8,32,22,0.593,3.77,433,0,136,0,0,22,456.1,443,226,191,32,223,26,365,19,1,14,2017,118,1.459,8.7,0.6,4.4,7.2,1.64,118,powelja04
483,Andy Pratt*,22,1,0,0,,6.75,1,0,0,0,0,0,1.1,1,1,1,0,4,0,1,0,0,0,9,79,3.75,6.8,0,27,6.8,0.25,79,prattan01
484,Bret Prinz,25,2,4,3,0.571,4.31,66,0,31,0,0,9,54.1,56,27,26,5,29,2,37,2,1,4,245,109,1.564,9.3,0.8,4.8,6.1,1.28,109,prinzbr01
485,Mark Prior,21,1,6,6,0.5,3.32,19,19,0,1,0,0,116.2,98,45,43,14,38,0,147,7,0,1,486,122,1.166,7.6,1.1,2.9,11.3,3.87,122,priorma01
486,Luke Prokopec,24,3,11,17,0.393,5.3,56,37,7,0,0,0,231,255,147,136,48,74,3,144,13,3,6,1020,80,1.424,9.9,1.9,2.9,5.6,1.95,80,prokolu01
487,Brandon Puffer,26,1,3,3,0.5,4.43,55,0,19,0,0,0,69,67,37,34,3,38,8,48,5,0,2,310,98,1.522,8.7,0.4,5,6.3,1.26,98,puffebr01
488,Carlos Pulido*,30,1,3,7,0.3,5.98,19,14,1,0,0,0,84.1,87,57,56,17,40,1,32,1,2,3,366,82,1.506,9.3,1.8,4.3,3.4,0.8,82,pulidca01
489,Bill Pulsipher*,28,5,13,19,0.406,5.13,101,46,11,2,0,0,323,356,196,184,44,139,6,201,11,3,9,1433,84,1.533,9.9,1.2,3.9,5.6,1.45,84,pulsibi01
490,Paul Quantrill,33,11,57,68,0.456,3.8,616,64,175,1,1,19,1014,1164,485,428,97,287,54,608,35,7,5,4404,120,1.431,10.3,0.9,2.5,5.4,2.12,120,quantpa01
491,Ruben Quevedo,23,3,13,26,0.333,6.06,57,50,1,2,1,0,283.2,311,211,191,58,152,11,218,7,0,9,1305,71,1.632,9.9,1.8,4.8,6.9,1.43,71,queveru01
492,Brad Radke,29,8,102,100,0.505,4.3,252,251,0,30,7,0,1656,1761,845,791,214,336,5,1004,43,3,22,6935,113,1.266,9.6,1.2,1.8,5.5,2.99,113,radkebr01
493,Brady Raggio,29,2,2,3,0.4,8.45,19,5,7,0,0,0,38.1,66,36,36,2,19,0,24,2,0,3,194,50,2.217,15.5,0.5,4.5,5.6,1.26,50,raggibr01
494,Jon Rauch,23,1,2,1,0.667,6.59,8,6,1,0,0,0,28.2,28,26,21,7,14,2,19,2,1,1,130,69,1.465,8.8,2.2,4.4,6,1.36,69,rauchjo01
495,Ken Ray,27,1,1,0,1,8.74,13,0,4,0,0,0,11.1,23,12,11,2,6,0,0,1,0,0,57,58,2.559,18.3,1.6,4.8,0,0,58,rayke01
496,Britt Reames,28,3,7,13,0.35,4.86,91,26,10,0,0,0,203.2,201,127,110,28,109,10,193,9,1,6,910,92,1.522,8.9,1.2,4.8,8.5,1.77,92,reamebr01
497,Tim Redding,24,2,6,7,0.462,5.44,31,23,2,0,0,0,129,140,87,78,21,59,3,118,3,1,7,574,82,1.543,9.8,1.5,4.1,8.2,2,82,redditi01
498,Mark Redman*,28,4,23,30,0.434,4.57,78,66,3,3,0,0,425,464,233,216,47,126,2,270,11,1,23,1835,102,1.388,9.8,1,2.7,5.7,2.14,102,redmama01
499,Rick Reed,37,14,87,64,0.576,3.93,246,224,5,12,6,1,1410.2,1446,668,616,192,256,26,899,39,5,8,5824,108,1.207,9.2,1.2,1.6,5.7,3.51,108,reedri01
500,Steve Reed,37,11,40,31,0.563,3.52,671,0,151,0,0,18,708.2,639,307,277,86,231,34,538,42,3,9,2959,136,1.228,8.1,1.1,2.9,6.8,2.33,136,reedst01
501,Dan Reichert,25,4,21,25,0.457,5.53,109,51,18,1,1,2,379,413,261,233,41,215,6,227,21,0,34,1717,90,1.657,9.8,1,5.1,5.4,1.06,90,reichda01
502,Brian Reith,24,1,0,7,0,7.81,9,8,0,0,0,0,40.1,56,37,35,13,16,0,22,2,0,1,192,59,1.785,12.5,2.9,3.6,4.9,1.38,59,reithbr01
503,Chris Reitsma,24,2,13,27,0.325,4.58,68,50,7,1,1,0,320.1,353,194,163,40,94,11,180,10,0,9,1398,97,1.395,9.9,1.1,2.6,5.1,1.91,97,reitsch01
504,Bryan Rekar,30,8,25,49,0.338,5.62,131,108,5,4,0,0,655,788,451,409,99,208,7,383,25,3,24,2927,87,1.521,10.8,1.4,2.9,5.3,1.84,87,rekarbr01
505,Mike Remlinger*,36,10,44,41,0.518,3.8,439,59,62,4,2,16,711.1,624,322,300,80,349,27,682,23,6,42,3063,114,1.368,7.9,1,4.4,8.6,1.95,114,remlimi01
506,Alberto Reyes,32,8,15,8,0.652,4.12,207,0,68,0,0,3,253.2,216,120,116,32,133,8,246,17,1,9,1109,111,1.376,7.7,1.1,4.7,8.7,1.85,111,reyesal01
507,Carlos Reyes,33,7,20,33,0.377,4.62,283,26,100,0,0,4,518.1,536,286,266,76,215,21,347,15,5,23,2271,99,1.449,9.3,1.3,3.7,6,1.61,99,reyesca01
508,Dennys Reyes*,25,6,15,21,0.417,4.56,253,27,48,0,0,2,355.1,358,205,180,32,213,14,332,7,4,34,1608,99,1.607,9.1,0.8,5.4,8.4,1.56,99,reyesde01
509,Shane Reynolds,34,11,103,86,0.545,3.95,274,248,5,20,7,0,1622.1,1738,785,712,171,358,27,1309,33,7,38,6865,106,1.292,9.6,0.9,2,7.3,3.66,106,reynosh01
510,Armando Reynoso,36,12,68,62,0.523,4.74,198,186,4,8,1,1,1079.2,1185,615,569,138,376,34,554,60,15,35,4698,100,1.446,9.9,1.2,3.1,4.6,1.47,100,reynoar02
511,Arthur Rhodes*,32,12,66,48,0.579,4.34,447,61,69,5,3,14,829.1,717,416,400,94,370,25,820,10,3,28,3492,103,1.311,7.8,1,4,8.9,2.22,103,rhodear01
512,John Riedling,26,3,6,6,0.5,2.54,75,0,26,0,0,2,95.2,72,32,27,4,48,6,71,6,0,7,402,177,1.254,6.8,0.4,4.5,6.7,1.48,177,riedljo01
513,Jerrod Riggan,28,3,5,4,0.556,5.01,65,0,21,0,0,0,82.2,98,49,46,8,42,11,64,0,1,8,377,86,1.694,10.7,0.9,4.6,7,1.52,86,riggaje01
514,Jose Rijo,37,14,116,91,0.56,3.24,376,269,43,22,4,3,1880,1710,772,676,147,663,34,1606,28,28,30,7867,121,1.262,8.2,0.7,3.2,7.7,2.42,121,rijojo01
515,Matt Riley*,22,1,0,0,,7.36,3,3,0,0,0,0,11,17,9,9,4,13,0,6,0,2,0,59,65,2.727,13.9,3.3,10.6,4.9,0.46,65,rileyma01
516,Juan Rincon,23,2,0,2,0,6.29,14,3,1,0,0,0,34.1,51,28,24,6,14,0,25,0,0,2,163,73,1.893,13.4,1.6,3.7,6.6,1.79,73,rincoju01
517,Ricardo Rincon*,32,6,11,18,0.379,3.45,354,0,96,0,0,21,299.2,250,132,115,25,122,20,284,5,4,8,1254,131,1.241,7.5,0.8,3.7,8.5,2.33,131,rincori01
518,David Riske,25,3,5,3,0.625,4.76,89,0,26,0,0,2,92.2,89,54,49,13,59,7,110,6,0,2,423,96,1.597,8.6,1.3,5.7,10.7,1.86,96,riskeda01
519,Todd Ritchie,30,6,42,50,0.457,4.65,175,113,27,7,3,0,799.1,881,470,413,96,246,13,497,21,1,43,3474,99,1.41,9.9,1.1,2.8,5.6,2.02,99,ritchto01
520,Mariano Rivera,32,8,38,27,0.585,2.6,448,10,348,0,0,243,579,454,179,167,34,167,20,519,11,3,9,2349,180,1.073,7.1,0.5,2.6,8.1,3.11,180,riverma01
521,Joe Roa,30,4,6,10,0.375,4.73,44,15,5,0,0,0,144.2,177,79,76,20,38,7,69,3,2,0,626,86,1.486,11,1.2,2.4,4.3,1.82,86,roajo01
522,Grant Roberts,24,3,4,1,0.8,3.58,54,1,8,0,0,0,78,78,33,31,5,28,9,66,1,1,0,340,116,1.359,9,0.6,3.2,7.6,2.36,116,robergr01
523,Willis Roberts,27,3,14,14,0.5,4.41,113,18,44,1,0,7,208.1,224,113,102,20,87,4,146,16,2,10,935,98,1.493,9.7,0.9,3.8,6.3,1.68,98,roberwi01
524,Jeriome Robertson*,25,1,0,2,0,6.52,11,1,1,0,0,0,9.2,13,8,7,4,5,3,6,0,0,2,46,69,1.862,12.1,3.7,4.7,5.6,1.2,69,roberje02
525,Nate Robertson*,24,1,0,1,0,11.88,6,1,1,0,0,0,8.1,15,11,11,3,4,1,3,2,0,0,46,35,2.28,16.2,3.2,4.3,3.2,0.75,35,roberna01
526,John Rocker*,27,5,13,22,0.371,3.4,278,0,176,0,0,88,254.1,198,114,96,23,161,17,332,11,4,29,1122,133,1.412,7,0.8,5.7,11.7,2.06,133,rockejo01
527,Fernando Rodney,25,1,1,3,0.25,6,20,0,10,0,0,0,18,25,15,12,2,10,2,10,0,1,0,89,72,1.944,12.5,1,5,5,1,72,rodnefe01
528,Felix Rodriguez,29,7,24,15,0.615,3.48,354,1,111,0,0,8,398,341,167,154,30,189,10,374,17,4,19,1704,119,1.332,7.7,0.7,4.3,8.5,1.98,119,rodrife01
529,Francisco Rodriguez,20,1,0,0,,0,5,0,4,0,0,0,5.2,3,0,0,0,2,1,13,1,0,0,21,,0.882,4.8,0,3.2,20.6,6.5,,rodrifr03
530,Jose Rodriguez*,27,2,0,1,0,9,12,0,2,0,0,0,8,14,10,8,0,9,1,3,1,0,0,49,57,2.875,15.8,0,10.1,3.4,0.33,57,rodrijo04
531,Nerio Rodriguez,31,5,4,6,0.4,6.32,32,7,10,0,0,0,72.2,80,58,51,8,35,0,38,3,0,2,338,75,1.583,9.9,1,4.3,4.7,1.09,75,rodrine01
532,Ricardo Rodriguez,24,1,2,2,0.5,5.66,7,7,0,0,0,0,41.1,40,27,26,5,18,3,24,8,0,1,183,78,1.403,8.7,1.1,3.9,5.2,1.33,78,rodriri03
533,Rich Rodriguez*,39,12,31,22,0.585,3.81,606,2,144,0,0,8,637,638,303,270,62,260,46,393,12,5,20,2735,107,1.41,9,0.9,3.7,5.6,1.51,107,rodriri02
534,Kenny Rogers*,37,14,145,106,0.578,4.2,589,304,132,33,7,28,2260,2305,1177,1054,225,848,42,1422,80,17,61,9760,109,1.395,9.2,0.9,3.4,5.7,1.68,109,rogerke01
535,J.C. Romero*,26,4,12,13,0.48,4.68,112,22,19,0,0,1,213.1,218,120,111,21,90,5,169,6,1,12,925,101,1.444,9.2,0.9,3.8,7.1,1.88,101,romerj.01
536,Kirk Rueter*,31,10,109,68,0.616,4.07,260,258,0,4,1,0,1473.1,1566,741,666,173,422,31,696,22,0,20,6249,101,1.349,9.6,1.1,2.6,4.3,1.65,101,rueteki01
537,Ryan Rupe,27,4,23,37,0.383,5.84,85,83,0,2,0,0,466.2,501,327,303,77,161,5,348,42,2,21,2056,80,1.419,9.7,1.5,3.1,6.7,2.16,80,rupery01
538,Glendon Rusch*,27,6,41,64,0.39,4.93,161,148,4,9,2,1,910.1,1044,532,499,122,268,5,667,30,3,12,3970,89,1.441,10.3,1.2,2.6,6.6,2.49,89,ruschgl01
539,B.J. Ryan*,26,4,7,8,0.467,4.66,184,0,34,0,0,3,173.2,147,98,90,20,107,10,180,6,1,7,764,96,1.463,7.6,1,5.5,9.3,1.68,96,ryanb.01
540,Kirk Saarloos,23,1,6,7,0.462,6.01,17,17,0,1,1,0,85.1,100,59,57,12,27,5,54,6,0,1,372,72,1.488,10.5,1.3,2.8,5.7,2,72,saarlki01
541,CC Sabathia*,21,2,30,16,0.652,4.38,66,66,0,2,0,0,390.1,347,202,190,36,183,3,320,8,6,13,1654,101,1.358,8,0.8,4.2,7.4,1.75,101,sabatc.01
542,Erik Sabel,27,3,3,2,0.6,5.02,50,0,12,0,0,0,61,71,35,34,10,18,5,31,5,0,2,268,94,1.459,10.5,1.5,2.7,4.6,1.72,94,sabeler01
543,Carl Sadler*,25,1,1,2,0.333,4.43,24,0,5,0,0,0,20.1,15,10,10,2,11,0,23,0,0,3,82,101,1.279,6.6,0.9,4.9,10.2,2.09,101,sadleca01
544,Duaner Sanchez,22,1,0,0,,9,9,0,5,0,0,0,6,6,6,6,2,7,0,6,0,0,0,31,55,2.167,9,3,10.5,9,0.86,55,sanchdu01
545,Jesus Sanchez*,27,5,23,32,0.418,5.2,150,80,14,2,2,0,502.1,535,314,290,77,268,20,374,15,7,20,2257,82,1.599,9.6,1.4,4.8,6.7,1.4,82,sanchje01
546,Johan Santana*,23,3,11,9,0.55,4.58,72,23,16,0,0,1,238,236,130,121,24,119,0,229,6,4,23,1045,104,1.492,8.9,0.9,4.5,8.7,1.92,104,santajo02
547,Julio Santana,29,5,14,26,0.35,5.33,161,42,32,1,0,0,428.2,476,276,254,63,204,9,255,20,2,16,1919,89,1.586,10,1.3,4.3,5.4,1.25,89,santaju01
548,Jose Santiago,27,6,16,19,0.457,4.57,200,0,58,0,0,4,261.2,289,142,133,26,79,9,135,12,1,4,1149,101,1.406,9.9,0.9,2.7,4.6,1.71,101,santijo03
549,Victor Santos,25,2,2,6,0.25,5.1,57,9,12,0,0,0,102.1,103,63,58,12,71,7,77,3,0,2,475,87,1.7,9.1,1.1,6.2,6.8,1.08,87,santovi01
550,Kazuhiro Sasaki,34,3,6,14,0.3,2.98,193,0,176,0,0,119,190,134,73,63,22,62,11,213,8,0,11,775,145,1.032,6.3,1,2.9,10.1,3.44,145,sasakka01
551,Scott Sauerbeck*,30,4,16,11,0.593,3.48,288,0,64,0,0,5,268.2,240,114,104,18,166,23,287,8,3,17,1172,130,1.511,8,0.6,5.6,9.6,1.73,130,sauersc01
552,Curt Schilling,35,15,155,108,0.589,3.36,426,314,60,76,17,13,2418,2142,959,902,246,571,39,2348,36,7,63,9816,128,1.122,8,0.9,2.1,8.7,4.11,128,schilcu01
553,Jason Schmidt,29,8,69,62,0.527,4.33,191,182,1,8,2,0,1135,1132,602,546,110,478,18,924,29,7,59,4947,100,1.419,9,0.9,3.8,7.3,1.93,100,schmija01
554,Scott Schoeneweis*,28,4,27,30,0.474,5.19,144,74,10,2,1,1,532.2,576,329,307,63,207,9,269,25,5,10,2337,90,1.47,9.7,1.1,3.5,4.5,1.3,90,schoesc01
555,Rudy Seanez,33,11,17,16,0.515,4.49,275,0,76,0,0,11,278.2,242,153,139,29,154,9,278,7,1,26,1225,95,1.421,7.8,0.9,5,9,1.81,95,seaneru01
556,Bobby Seay*,24,1,1,1,0.5,6.23,12,0,4,0,0,0,13,13,11,9,3,5,1,12,1,0,1,58,73,1.385,9,2.1,3.5,8.3,2.4,73,seaybo01
557,Shawn Sedlacek,25,1,3,5,0.375,6.72,16,14,1,0,0,0,84.1,99,64,63,16,36,2,52,6,0,5,381,74,1.601,10.6,1.7,3.8,5.5,1.44,74,sedlash01
558,Aaron Sele,32,10,115,77,0.599,4.39,268,267,0,14,8,0,1626.1,1770,875,793,158,597,30,1164,86,0,40,7164,107,1.455,9.8,0.9,3.3,6.4,1.95,107,seleaa01
559,Jae Weong Seo,25,1,0,0,,0,1,0,1,0,0,0,1,0,0,0,0,0,0,1,0,0,0,3,,0,0,0,0,9,,,seoja01
560,Dan Serafini*,28,5,14,13,0.519,6.06,91,29,13,1,0,1,233.1,294,166,157,32,102,5,114,7,0,9,1081,77,1.697,11.3,1.2,3.9,4.4,1.12,77,serafda01
561,Scott Service,35,10,19,19,0.5,4.9,284,1,85,0,0,15,361.2,373,210,197,47,164,25,361,24,1,23,1610,93,1.485,9.3,1.2,4.1,9,2.2,93,servisc01
562,Ben Sheets,23,2,22,26,0.458,4.4,59,59,0,2,1,0,368,403,194,180,44,118,16,264,15,0,12,1587,95,1.416,9.9,1.1,2.9,6.5,2.24,95,sheetbe01
563,Scot Shields,26,2,5,3,0.625,1.8,37,1,19,0,0,0,60,39,14,12,4,28,1,37,2,0,5,236,249,1.117,5.9,0.6,4.2,5.6,1.32,249,shielsc01
564,Jason Shiell,25,1,0,0,,27,3,0,0,0,0,0,1.1,7,4,4,0,3,0,1,0,0,0,13,18,7.5,47.3,0,20.3,6.8,0.33,18,shielja01
565,Brian Shouse*,33,3,0,1,0,6.41,36,0,12,0,0,0,26.2,31,19,19,6,15,1,19,2,0,3,129,77,1.725,10.5,2,5.1,6.4,1.27,77,shousbr01
566,Paul Shuey,31,9,39,23,0.629,3.66,389,0,133,0,0,22,435.1,388,200,177,34,223,29,474,10,1,30,1902,129,1.404,8,0.7,4.6,9.8,2.13,129,shueypa01
567,Brian Sikorski,27,1,1,3,0.25,5.73,10,5,2,0,0,0,37.2,46,31,24,9,25,1,32,1,0,1,187,88,1.885,11,2.2,6,7.6,1.28,88,sikorbr01
568,Carlos Silva,23,1,5,0,1,3.21,68,0,21,0,0,1,84,88,34,30,4,22,6,41,4,0,3,350,121,1.31,9.4,0.4,2.4,4.4,1.86,121,silvaca01
569,Jose Silva,28,7,25,28,0.472,5.41,154,53,32,2,0,4,427.1,507,285,257,47,154,16,298,13,7,14,1915,84,1.547,10.7,1,3.2,6.3,1.94,84,silvajo01
570,Jason Simontacchi,28,1,11,5,0.688,4.02,24,24,0,0,0,0,143.1,134,68,64,18,54,4,72,6,0,1,600,100,1.312,8.4,1.1,3.4,4.5,1.33,100,simonja01
571,Aaron Small,30,6,15,10,0.6,5.27,139,3,42,0,0,4,201.2,243,131,118,19,94,11,113,8,0,11,923,86,1.671,10.8,0.8,4.2,5,1.2,86,smallaa01
572,Bud Smith*,22,2,7,8,0.467,4.95,27,24,2,1,1,0,132.2,146,79,73,16,46,7,81,4,1,0,580,85,1.447,9.9,1.1,3.1,5.5,1.76,85,smithbu02
573,Dan Smith,26,3,5,10,0.333,5.22,55,17,13,0,0,2,139.2,140,85,81,18,63,0,107,5,0,4,610,85,1.453,9,1.2,4.1,6.9,1.7,85,smithda07
574,Mike Smith,24,1,0,3,0,6.62,14,6,3,0,0,0,35.1,43,28,26,3,20,0,16,7,0,2,174,70,1.783,11,0.8,5.1,4.1,0.8,70,smithmi06
575,Roy Smith,26,2,0,0,,5.24,13,1,3,0,0,0,22.1,25,18,13,4,18,1,19,3,0,0,115,88,1.925,10.1,1.6,7.3,7.7,1.06,88,smithro03
576,Travis Smith,29,2,4,2,0.667,6.91,13,10,0,0,0,0,56,70,44,43,10,20,0,33,3,0,2,251,59,1.607,11.3,1.6,3.2,5.3,1.65,59,smithtr01
577,John Smoltz,35,14,163,118,0.58,3.34,467,361,88,47,14,65,2553.2,2204,1040,949,206,808,58,2240,40,15,120,10499,122,1.179,7.8,0.7,2.8,7.9,2.77,122,smoltjo01
578,Steve Smyth*,24,1,1,3,0.25,9.35,8,7,0,0,0,0,26,34,28,27,9,10,0,16,1,0,2,122,44,1.692,11.8,3.1,3.5,5.5,1.6,44,smythst01
579,Rafael Soriano,22,1,0,3,0,4.56,10,8,1,0,0,1,47.1,45,25,24,8,16,1,32,0,0,2,202,94,1.289,8.6,1.5,3,6.1,2,94,soriara01
580,Jorge Sosa,24,1,2,7,0.222,5.53,31,14,10,0,0,0,99.1,88,63,61,16,54,0,48,2,0,5,434,80,1.43,8,1.4,4.9,4.3,0.89,80,sosajo02
581,Steve Sparks,36,7,56,63,0.471,4.76,190,164,13,16,2,1,1092,1198,643,577,123,438,5,547,44,5,47,4827,98,1.498,9.9,1,3.6,4.5,1.25,98,sparkst01
582,Justin Speier,28,5,16,9,0.64,4.63,202,0,47,0,0,1,256.2,234,136,132,46,93,12,217,15,4,17,1099,105,1.274,8.2,1.6,3.3,7.6,2.33,105,speieju01
583,Tim Spooneybarger,22,2,1,1,0.5,2.6,55,0,17,0,0,1,55.1,43,17,16,4,28,6,36,2,0,4,233,163,1.283,7,0.7,4.6,5.9,1.29,163,spoonti01
584,Dennis Springer,37,8,24,48,0.333,5.18,130,98,16,9,4,1,655.1,702,415,377,108,258,6,296,40,0,21,2866,88,1.465,9.6,1.5,3.5,4.1,1.15,88,sprinde01
585,Russ Springer,33,10,19,32,0.373,5.08,351,27,86,1,0,8,531.2,545,321,300,77,246,25,485,21,0,29,2366,88,1.488,9.2,1.3,4.2,8.2,1.97,88,sprinru01
586,Jason Standridge,23,2,0,0,,5.24,10,1,6,0,0,0,22.1,26,13,13,6,18,1,10,0,0,0,105,87,1.97,10.5,2.4,7.3,4,0.56,87,standja01
587,Mike Stanton*,35,14,53,37,0.589,3.77,835,1,275,0,0,71,823.2,785,373,345,70,308,49,688,22,6,25,3493,117,1.327,8.6,0.8,3.4,7.5,2.23,117,stantmi02
588,Denny Stark,27,3,12,5,0.706,4.76,41,23,3,0,0,0,149.1,139,92,79,30,72,4,80,5,0,2,653,100,1.413,8.4,1.8,4.3,4.8,1.11,100,starkde01
589,Gene Stechschulte,28,3,8,7,0.533,4.58,116,0,30,0,0,6,127.2,122,76,65,20,64,4,84,5,0,7,555,95,1.457,8.6,1.4,4.5,5.9,1.31,95,stechge01
590,Blake Stein,28,5,21,28,0.429,5.41,117,66,12,2,1,2,475.2,451,301,286,78,281,8,369,21,0,36,2124,90,1.539,8.5,1.5,5.3,7,1.31,90,steinbl01
591,John Stephens,22,1,2,5,0.286,6.09,12,11,0,0,0,0,65,68,44,44,13,22,2,56,3,0,2,281,71,1.385,9.4,1.8,3,7.8,2.55,71,stephjo03
592,Garrett Stephenson,30,6,32,26,0.552,4.53,91,77,3,5,2,0,477,495,253,240,61,177,2,317,21,3,5,2061,100,1.409,9.3,1.2,3.3,6,1.79,100,stephga01
593,Scott Stewart*,26,2,7,3,0.7,3.39,129,0,37,0,0,20,111.2,92,49,42,9,35,5,106,4,0,3,463,129,1.137,7.4,0.7,2.8,8.5,3.03,129,stewasc01
594,Ricky Stone,27,2,3,3,0.5,3.49,84,0,19,0,0,1,85,86,39,33,10,36,4,67,1,0,1,368,125,1.435,9.1,1.1,3.8,7.1,1.86,125,stoneri01
595,Todd Stottlemyre,37,14,138,121,0.533,4.28,372,339,12,25,6,1,2191.2,2200,1130,1042,246,816,49,1587,83,10,64,9441,100,1.376,9,1,3.4,6.5,1.94,100,stottto01
596,Pat Strange,21,1,0,0,,1.13,5,0,4,0,0,0,8,6,1,1,0,1,1,4,0,1,0,30,372,0.875,6.8,0,1.1,4.5,4,372,stranpa02
597,Scott Strickland,26,4,12,19,0.387,3.38,212,0,77,0,0,20,216,181,93,81,22,101,16,225,7,0,9,928,131,1.306,7.5,0.9,4.2,9.4,2.23,131,stricsc02
598,Everett Stull,30,4,2,5,0.286,6.59,26,6,4,0,0,0,57.1,65,47,42,8,45,5,42,5,0,5,280,69,1.919,10.2,1.3,7.1,6.6,0.93,69,stullev01
599,Tanyon Sturtze,31,7,22,33,0.4,5.07,119,72,19,4,0,1,539.1,610,321,304,74,223,3,318,21,3,21,2382,90,1.544,10.2,1.2,3.7,5.3,1.43,90,sturtta01
600,Scott Sullivan,31,8,31,24,0.564,3.93,444,0,103,0,0,9,613,550,291,268,75,225,43,521,47,2,27,2597,115,1.264,8.1,1.1,3.3,7.6,2.32,115,sullisc01
601,Jeff Suppan,27,8,49,64,0.434,5.03,190,175,6,12,3,0,1088.1,1207,653,608,154,364,16,610,35,3,38,4748,97,1.443,10,1.3,3,5,1.68,97,suppaje01
602,Mac Suzuki,27,6,16,31,0.34,5.72,117,67,11,1,1,0,465.2,501,326,296,67,265,16,327,18,1,44,2126,86,1.645,9.7,1.3,5.1,6.3,1.23,86,suzukma01
603,Greg Swindell*,37,17,123,122,0.502,3.86,664,269,93,40,12,7,2233.1,2313,1053,957,262,501,34,1542,21,12,30,9301,107,1.26,9.3,1.1,2,6.2,3.08,107,swindgr01
604,Brian Tallet*,24,1,1,0,1,1.5,2,2,0,0,0,0,12,9,3,2,0,4,0,5,1,0,0,47,300,1.083,6.8,0,3,3.8,1.25,300,tallebr01
605,Jeff Tam,31,5,7,10,0.412,3.57,207,0,60,0,0,6,226.2,231,100,90,13,73,24,120,8,0,6,956,126,1.341,9.2,0.5,2.9,4.8,1.64,126,tamje01
606,Dennis Tankersley,23,1,1,4,0.2,8.06,17,9,3,0,0,0,51.1,59,46,46,10,40,3,39,6,0,3,245,47,1.929,10.3,1.8,7,6.8,0.98,47,tankede01
607,Julian Tavarez,29,10,60,45,0.571,4.61,427,79,75,1,0,2,867.2,972,510,444,75,348,47,492,59,9,27,3855,97,1.521,10.1,0.8,3.6,5.1,1.41,97,tavarju01
608,Aaron Taylor,24,1,0,0,,9,5,0,2,0,0,0,5,8,5,5,2,0,0,6,0,0,0,23,51,1.6,14.4,3.6,0,10.8,,51,tayloaa01
609,Michael Tejera*,25,2,8,8,0.5,4.75,50,19,3,0,0,1,146,154,79,77,18,65,3,102,6,0,3,642,85,1.5,9.5,1.1,4,6.3,1.57,85,tejermi01
610,Amaury Telemaco,28,6,22,28,0.44,5.13,162,56,23,1,0,0,450.2,475,283,257,73,160,11,295,18,0,20,1962,85,1.409,9.5,1.5,3.2,5.9,1.84,85,telemam01
611,Anthony Telford,36,9,22,25,0.468,4.17,333,9,90,0,0,8,455.1,475,241,211,48,176,13,331,24,3,25,1995,105,1.43,9.4,0.9,3.5,6.5,1.88,105,telfoan01
612,Jay Tessmer,30,4,1,0,1,7.71,22,0,12,0,0,0,23.1,29,21,20,5,11,3,14,1,0,1,111,63,1.714,11.2,1.9,4.2,5.4,1.27,63,tessmja01
613,Nate Teut*,26,1,0,1,0,9.82,2,1,0,0,0,0,7.1,13,8,8,0,3,1,4,0,0,0,36,43,2.182,16,0,3.7,4.9,1.33,43,teutna01
614,Brad Thomas*,24,1,0,2,0,9.37,5,5,0,0,0,0,16.1,20,17,17,6,14,0,6,1,0,2,82,49,2.082,11,3.3,7.7,3.3,0.43,49,thomabr01
615,Justin Thompson*,29,4,36,43,0.456,3.98,101,101,0,9,0,0,647,629,316,286,71,235,8,427,10,0,11,2730,119,1.335,8.7,1,3.3,5.9,1.82,119,thompju02
616,John Thomson,28,5,29,49,0.372,4.95,111,110,1,6,2,0,665.1,737,404,366,90,205,13,421,14,2,11,2892,103,1.416,10,1.2,2.8,5.7,2.05,103,thomsjo01
617,Corey Thurman,23,1,2,3,0.4,4.37,43,1,5,0,0,0,68,65,34,33,11,45,2,56,2,0,4,310,106,1.618,8.6,1.5,6,7.4,1.24,106,thurmco01
618,Mike Thurman,28,6,26,36,0.419,5.05,105,87,9,0,0,0,493.2,537,311,277,59,190,18,296,21,1,17,2187,89,1.473,9.8,1.1,3.5,5.4,1.56,89,thurmmi01
619,Mike Timlin,36,12,45,51,0.469,3.56,664,4,348,0,0,114,795.1,746,350,315,74,279,50,599,30,3,23,3352,125,1.289,8.4,0.8,3.2,6.8,2.15,125,timlimi01
620,Kevin Tolar*,31,2,0,0,,5.93,14,0,2,0,0,0,13.2,8,9,9,0,14,1,14,0,0,1,62,77,1.61,5.3,0,9.2,9.2,1,77,tolarke01
621,Brian Tollberg,29,3,15,14,0.517,4.39,50,49,0,1,0,0,297,347,163,145,39,79,9,180,8,1,7,1297,92,1.434,10.5,1.2,2.4,5.5,2.28,92,tollbbr01
622,Brett Tomko,29,6,49,42,0.538,4.46,164,123,13,5,0,1,840,825,448,416,119,286,32,596,20,2,27,3586,96,1.323,8.8,1.3,3.1,6.4,2.08,96,tomkobr01
623,Salomon Torres,30,6,13,26,0.333,5.42,73,48,11,3,1,0,313.2,336,203,189,40,161,11,171,19,4,12,1424,81,1.584,9.6,1.1,4.6,4.9,1.06,81,torresa01
624,Josh Towers,25,2,8,13,0.381,5.05,29,23,3,1,1,0,167.2,207,98,94,32,21,0,71,6,0,2,710,86,1.36,11.1,1.7,1.1,3.8,3.38,86,towerjo01
625,Steve Trachsel,31,10,90,108,0.455,4.31,279,278,0,16,5,0,1694.1,1729,889,812,239,602,43,1188,36,9,41,7272,100,1.376,9.2,1.3,3.2,6.3,1.97,100,trachst01
626,Mike Trombley,35,11,37,47,0.44,4.48,509,36,195,0,0,44,795.2,800,427,396,114,319,37,672,30,1,42,3471,104,1.406,9,1.3,3.6,7.6,2.11,104,trombmi01
627,J.J. Trujillo,26,1,0,1,0,10.13,4,0,1,0,0,0,2.2,4,3,3,1,6,0,3,1,0,0,18,43,3.75,13.5,3.4,20.3,10.1,0.5,43,trujijj01
628,T.J. Tucker,23,2,6,4,0.6,4.87,59,2,19,0,0,4,68.1,80,41,37,10,34,9,44,0,0,5,311,89,1.668,10.5,1.3,4.5,5.8,1.29,89,tucket.01
629,Derrick Turnbow,24,1,0,0,,4.74,24,1,16,0,0,0,38,36,21,20,7,36,0,25,2,1,3,181,107,1.895,8.5,1.7,8.5,5.9,0.69,107,turnbde01
630,Ugueth Urbina,28,8,32,33,0.492,3.4,376,21,292,0,0,174,486.2,389,202,184,59,205,21,583,2,5,22,2038,129,1.221,7.2,1.1,3.8,10.8,2.84,129,urbinug01
631,Ismael Valdez,28,9,80,86,0.482,3.76,255,228,9,12,5,1,1491.2,1458,672,624,172,423,30,1032,35,16,19,6261,110,1.261,8.8,1,2.6,6.2,2.44,110,valdeis01
632,Andy Van Hekken*,22,1,1,3,0.25,3,5,5,0,1,1,0,30,38,13,10,2,6,0,5,0,0,1,131,143,1.467,11.4,0.6,1.8,1.5,0.83,143,vanhean01
633,Todd Van Poppel,30,9,33,45,0.423,5.5,295,82,71,2,1,4,743.1,757,475,454,113,414,16,605,18,5,41,3336,82,1.575,9.2,1.4,5,7.3,1.46,82,vanpoto01
634,Cory Vance*,23,1,0,0,,6.75,2,1,0,0,0,0,4,4,3,3,2,4,0,1,1,0,0,20,76,2,9,4.5,9,2.3,0.25,76,vanceco01
635,Javier Vazquez,25,5,51,56,0.477,4.37,158,157,1,12,5,0,998.2,1037,526,485,127,274,26,835,27,1,13,4245,102,1.313,9.3,1.1,2.5,7.5,3.05,102,vazquja01
636,Mike Venafro*,28,4,13,10,0.565,4.06,259,0,60,0,0,5,221.2,226,113,100,13,85,10,114,16,0,5,965,119,1.403,9.2,0.5,3.5,4.6,1.34,119,venafmi01
637,Dave Veres,35,9,34,34,0.5,3.38,574,0,275,0,0,94,661.1,625,270,248,74,252,30,591,27,6,42,2821,133,1.326,8.5,1,3.4,8,2.35,133,veresda01
638,Brandon Villafuerte,26,3,1,2,0.333,4.07,40,0,17,0,0,1,42,45,19,19,5,20,2,30,3,0,2,188,100,1.548,9.6,1.1,4.3,6.4,1.5,100,villabr01
639,Ron Villone*,32,8,33,37,0.471,5.04,319,64,80,2,0,5,659,655,396,369,80,355,15,498,33,1,26,2936,93,1.533,8.9,1.1,4.8,6.8,1.4,93,villoro01
640,Luis Vizcaino,27,4,7,5,0.583,4.09,125,0,47,0,0,6,140.2,121,65,64,17,56,5,130,5,2,8,594,105,1.258,7.7,1.1,3.6,8.3,2.32,105,vizcalu01
641,Ryan Vogelsong,24,2,0,5,0,5.75,19,2,11,0,0,0,40.2,43,31,26,6,22,1,30,2,0,2,188,73,1.598,9.5,1.3,4.9,6.6,1.36,73,vogelry01
642,Ed Vosberg*,40,10,10,15,0.4,4.32,266,3,82,0,0,13,233.1,250,126,112,22,109,14,179,7,8,10,1033,108,1.539,9.6,0.8,4.2,6.9,1.64,108,vosbeed01
643,Brad Voyles,25,2,0,2,0,5.84,29,0,9,0,0,1,37,36,25,24,6,26,1,32,3,0,1,171,86,1.676,8.8,1.5,6.3,7.8,1.23,86,voylebr01
644,Billy Wagner*,30,8,25,25,0.5,2.69,386,0,312,0,0,181,418.1,281,131,125,40,168,10,589,15,0,24,1692,161,1.073,6,0.9,3.6,12.7,3.51,161,wagnebi02
645,Tim Wakefield,35,10,105,94,0.528,4.25,357,220,60,25,6,21,1676,1619,909,792,209,695,21,1154,97,6,51,7270,110,1.381,8.7,1.1,3.7,6.2,1.66,110,wakefti01
646,Jamie Walker*,30,3,4,5,0.444,5.45,113,2,33,0,0,1,104,108,67,63,20,32,4,79,9,1,3,458,83,1.346,9.3,1.7,2.8,6.8,2.47,83,walkeja01
647,Kevin Walker*,25,3,7,2,0.778,4.15,97,0,20,0,0,0,86.2,66,45,40,7,51,9,84,5,2,3,378,102,1.35,6.9,0.7,5.3,8.7,1.65,102,walkeke02
648,Pete Walker,33,5,11,5,0.688,4.66,57,20,16,0,0,1,170,185,93,88,22,63,5,92,3,1,2,735,99,1.459,9.8,1.2,3.3,4.9,1.46,99,walkepe01
649,Tyler Walker,26,1,1,0,1,5.91,5,1,3,0,0,0,10.2,11,7,7,3,5,1,7,0,0,0,49,70,1.5,9.3,2.5,4.2,5.9,1.4,70,walkety01
650,Donne Wall,34,8,31,28,0.525,4.2,234,37,63,2,1,2,474,468,244,221,62,155,16,322,11,4,19,2006,96,1.314,8.9,1.2,2.9,6.1,2.08,96,walldo01
651,John Wasdin,29,7,31,29,0.517,5.07,258,42,64,2,0,3,598,633,360,337,99,184,26,416,21,2,15,2586,97,1.366,9.5,1.5,2.8,6.3,2.26,97,wasdijo01
652,Jarrod Washburn*,27,5,46,26,0.639,3.81,107,97,3,2,0,0,619.1,574,278,262,77,203,6,401,15,1,11,2586,121,1.255,8.3,1.1,2.9,5.8,1.98,121,washbja01
653,Mark Watson*,28,2,1,1,0.5,12.19,9,0,2,0,0,0,10.1,20,15,14,1,6,0,5,1,0,1,57,41,2.516,17.4,0.9,5.2,4.4,0.83,41,watsoma03
654,Justin Wayne,23,1,2,3,0.4,5.32,5,5,0,0,0,0,23.2,22,16,14,3,13,0,16,0,1,2,105,76,1.479,8.4,1.1,4.9,6.1,1.23,76,wayneju01
655,David Weathers,32,12,44,49,0.473,4.64,471,67,103,0,0,7,846,932,478,436,76,381,50,598,32,4,32,3779,93,1.552,9.9,0.8,4.1,6.4,1.57,93,weathda01
656,Jeff Weaver,25,4,44,54,0.449,4.3,126,117,4,10,3,2,792.2,809,410,379,88,224,12,534,57,2,12,3391,105,1.303,9.2,1,2.5,6.1,2.38,105,weaveje01
657,Ben Weber,32,3,14,5,0.737,3.41,138,0,38,0,0,7,169,164,72,64,8,59,12,97,8,1,4,714,133,1.32,8.7,0.4,3.1,5.2,1.64,133,weberbe01
658,Bob Wells,35,9,40,28,0.588,5.03,414,21,111,1,1,15,635.2,688,378,355,101,200,19,417,35,0,8,2777,96,1.397,9.7,1.4,2.8,5.9,2.09,96,wellsbo01
659,David Wells*,39,16,185,121,0.605,4.05,526,356,65,48,11,13,2613.2,2672,1283,1176,306,604,59,1772,61,15,91,10924,112,1.253,9.2,1.1,2.1,6.1,2.93,112,wellsda01
660,Kip Wells,25,4,32,35,0.478,4.48,100,80,3,1,1,0,466,501,265,232,52,205,20,333,24,2,29,2069,102,1.515,9.7,1,4,6.4,1.62,102,wellski01
661,Turk Wendell,35,9,33,30,0.524,3.9,484,6,159,0,0,32,565,508,264,245,63,284,49,477,20,5,15,2459,110,1.402,8.1,1,4.5,7.6,1.68,110,wendetu01
662,Jake Westbrook,24,3,5,9,0.357,6.29,37,12,5,0,0,0,113,144,83,79,13,38,6,69,5,0,5,513,72,1.611,11.5,1,3,5.5,1.82,72,westbja01
663,Dan Wheeler,24,3,2,5,0.286,6.43,30,8,9,0,0,0,71.1,94,51,51,12,29,3,61,2,1,4,334,76,1.724,11.9,1.5,3.7,7.7,2.1,76,wheelda01
664,Gabe White*,30,8,28,22,0.56,4.28,356,15,99,0,0,16,456,426,223,217,74,120,17,383,12,0,5,1892,112,1.197,8.4,1.5,2.4,7.6,3.19,112,whitega01
665,Rick White,33,7,27,38,0.415,3.97,341,18,87,0,0,11,539,559,271,238,48,172,24,346,21,2,17,2316,116,1.356,9.3,0.8,2.9,5.8,2.01,116,whiteri01
666,Matt Whiteside,34,10,18,15,0.545,5.1,284,1,89,0,0,9,402.1,449,248,228,49,152,21,254,8,6,16,1769,90,1.494,10,1.1,3.4,5.7,1.67,90,whitema02
667,Bob Wickman,33,11,59,45,0.567,3.68,627,28,340,1,1,156,863,854,392,353,61,367,38,639,31,0,28,3735,123,1.415,8.9,0.6,3.8,6.7,1.74,123,wickmbo01
668,Scott Wiggins*,26,1,0,0,,3.38,3,0,0,0,0,0,2.2,5,1,1,1,1,0,3,0,0,1,13,153,2.25,16.9,3.4,3.4,10.1,3,153,wiggisc01
669,David Williams*,23,2,5,12,0.294,4.06,31,27,1,0,0,0,157.1,138,79,71,24,69,6,90,11,2,2,667,110,1.316,7.9,1.4,3.9,5.1,1.3,110,willida07
670,Jeff Williams*,30,4,4,1,0.8,7.49,37,4,10,0,0,0,57.2,65,52,48,10,41,1,30,2,0,2,271,56,1.838,10.1,1.6,6.4,4.7,0.73,56,willije02
671,Mike Williams,33,11,31,47,0.397,4.3,400,55,245,1,0,116,705.1,698,372,337,84,302,34,545,16,1,37,3056,101,1.418,8.9,1.1,3.9,7,1.8,101,willimi03
672,Todd Williams,31,4,3,3,0.5,5.37,50,0,20,0,0,0,53.2,67,33,32,6,29,4,32,3,0,0,262,82,1.789,11.2,1,4.9,5.4,1.1,82,willito02
673,Woody Williams,35,10,74,67,0.525,4.06,273,183,33,10,2,0,1313,1262,628,593,189,459,26,917,30,2,37,5560,108,1.311,8.7,1.3,3.1,6.3,2,108,williwo02
674,Scott Williamson,26,4,20,19,0.513,2.89,175,10,76,0,0,33,280,193,101,90,20,156,18,327,7,2,43,1166,159,1.246,6.2,0.6,5,10.5,2.1,159,willisc01
675,Kris Wilson,25,3,8,6,0.571,5.32,61,15,15,0,0,1,162.1,199,112,96,36,48,3,94,9,0,1,723,92,1.522,11,2,2.7,5.2,1.96,92,wilsokr01
676,Paul Wilson,29,4,20,37,0.351,4.86,104,87,6,2,0,0,545,579,329,294,66,206,17,379,40,4,15,2408,90,1.44,9.6,1.1,3.4,6.3,1.84,90,wilsopa02
677,Joe Winkelsas,28,1,0,0,,54,1,0,0,0,0,0,0.1,4,2,2,0,1,1,0,0,0,0,6,17,15,108,0,27,0,0,17,winkejo01
678,Matt Wise,26,3,4,7,0.364,4.74,26,15,8,0,0,0,95,94,53,50,18,32,2,76,4,0,1,407,100,1.326,8.9,1.7,3,7.2,2.38,100,wisema01
679,Jay Witasick,29,7,26,28,0.481,4.92,199,56,38,3,1,1,506.2,567,315,277,74,236,14,432,25,3,21,2296,94,1.585,10.1,1.3,4.2,7.7,1.83,94,witasja01
680,Mark Wohlers,32,12,39,29,0.574,3.97,533,0,293,0,0,119,553.1,490,273,244,37,272,30,557,13,0,50,2400,108,1.377,8,0.6,4.4,9.1,2.05,108,wohlema01
681,Randy Wolf*,25,4,38,38,0.5,4.07,113,109,1,8,4,0,701.2,658,336,317,83,264,11,600,30,0,10,2980,107,1.314,8.4,1.1,3.4,7.7,2.27,107,wolfra02
682,Kerry Wood,25,4,45,30,0.6,3.75,110,110,0,7,3,0,691.2,525,308,288,69,361,9,799,46,5,28,2937,113,1.281,6.8,0.9,4.7,10.4,2.21,113,woodke02
683,Steve Woodard,27,6,31,36,0.463,4.93,155,94,15,3,0,0,649.2,759,387,356,87,144,18,452,30,7,19,2817,92,1.39,10.5,1.2,2,6.3,3.14,92,woodast01
684,Tim Worrell,34,10,35,45,0.438,4.01,451,49,113,0,0,7,748,727,369,333,75,298,29,578,22,1,12,3249,105,1.37,8.7,0.9,3.6,7,1.94,105,worreti01
685,Dan Wright,24,2,19,15,0.559,5.31,46,45,1,1,1,0,262.2,278,169,155,44,110,2,172,8,1,15,1162,86,1.477,9.5,1.5,3.8,5.9,1.56,86,wrighda02
686,Jamey Wright,27,7,50,67,0.427,5.17,174,171,1,4,2,0,1030.1,1136,644,592,116,522,34,541,82,10,40,4617,93,1.609,9.9,1,4.6,4.7,1.04,93,wrighja01
687,Jaret Wright,26,6,35,32,0.522,5.5,98,96,1,2,2,0,515.2,552,336,315,60,268,5,360,26,1,15,2325,87,1.59,9.6,1,4.7,6.3,1.34,87,wrighja02
688,Kelly Wunsch*,29,3,10,5,0.667,3.98,166,0,23,0,0,1,115.1,97,53,51,11,57,3,89,13,0,1,502,122,1.335,7.6,0.9,4.4,6.9,1.56,122,wunscke01
689,Esteban Yan,27,7,26,31,0.456,5.26,273,23,141,0,0,42,437.2,480,274,256,68,165,9,362,35,2,26,1954,90,1.474,9.9,1.4,3.4,7.4,2.19,90,yanes01
690,Masato Yoshii,37,5,32,47,0.405,4.62,162,118,9,3,0,0,757.1,805,408,389,112,222,18,447,23,2,17,3219,101,1.356,9.6,1.3,2.6,5.3,2.01,101,yoshima01
691,Carlos Zambrano,21,2,5,10,0.333,4.42,38,17,4,0,0,0,116,105,66,57,11,71,2,97,5,0,7,519,92,1.517,8.1,0.9,5.5,7.5,1.37,92,zambrca01
692,Victor Zambrano,26,2,14,10,0.583,4.79,78,11,30,0,0,3,165.1,158,98,88,21,86,5,131,7,0,14,731,93,1.476,8.6,1.1,4.7,7.1,1.52,93,zambrvi01
693,Todd Zeile,36,1,0,0,,0,1,0,1,0,0,0,1,1,0,0,0,0,0,1,0,0,0,3,,1,9,0,0,9,,,zeileto01
694,Chad Zerbe*,30,3,5,0,1,3.46,81,1,27,0,0,0,101.1,99,46,39,7,32,2,53,5,0,3,426,115,1.293,8.8,0.6,2.8,4.7,1.66,115,zerbech01
695,Barry Zito*,24,3,47,17,0.734,3.04,84,84,0,5,3,0,536.1,430,201,181,48,203,4,465,24,2,10,2217,145,1.18,7.2,0.8,3.4,7.8,2.29,145,zitoba01
